part_id,part_number,part_description,commodity,category,uom,abc_class,standard_cost,lifecycle_status
PN00001,AL456871,Bearing Unit 1,Bearings,Powertrain,M,C,32.04,ACTIVE
PN00002,RE855053,Casting Module 2,Castings,Powertrain,KG,C,34.3,ACTIVE
PN00003,AH197573,Valve Unit 3,Valves,Hydraulics,EA,B,54.14,ACTIVE
PN00004,AL546173,Fastener Unit 4,Fasteners,Structures,EA,C,43.19,ACTIVE
PN00005,AL225362,Sensor Kit 5,Sensors,Electrical,EA,B,6.31,ACTIVE
PN00006,AL205409,Sheet Metal Kit 6,Sheet Metal,Structures,EA,B,62.86,ACTIVE
PN00007,AH157174,Casting Unit 7,Castings,Powertrain,EA,C,49.83,ACTIVE
PN00008,DZ601968,Forging Module 8,Forgings,Powertrain,EA,A,148.59,ACTIVE
PN00009,AH259097,Valve Kit 9,Valves,Hydraulics,M,C,32.03,ACTIVE
PN00010,RE913373,Harnesse Module 10,Harnesses,Electrical,KG,C,79.17,ACTIVE
PN00011,AH899787,Fabrication Kit 11,Fabrications,Structures,EA,B,56.37,ACTIVE
PN00012,RE402099,Harnesse Unit 12,Harnesses,Electrical,KG,A,41.56,ACTIVE
PN00013,RE545790,Sensor Assy 13,Sensors,Electrical,M,B,123.59,ACTIVE
PN00014,AL560485,Sensor Assy 14,Sensors,Electrical,KG,C,14.47,ACTIVE
PN00015,AH727086,Sensor Assy 15,Sensors,Electrical,KG,C,33.17,ACTIVE
PN00016,AH901909,Casting Unit 16,Castings,Powertrain,M,A,128.6,ACTIVE
PN00017,AL290305,Valve Module 17,Valves,Hydraulics,KG,C,35.1,ACTIVE
PN00018,RE445824,Pump Module 18,Pumps,Hydraulics,KG,B,13.92,PHASE_OUT
PN00019,DZ639593,Hose Assy 19,Hoses,Hydraulics,M,B,20.48,ACTIVE
PN00020,DZ896907,Hose Assy 20,Hoses,Hydraulics,EA,B,12.51,ACTIVE
PN00021,AH130271,Sensor Kit 21,Sensors,Electrical,EA,B,23.29,ACTIVE
PN00022,AH779172,Pump Kit 22,Pumps,Hydraulics,KG,C,123.39,ACTIVE
PN00023,DZ355570,Sheet Metal Module 23,Sheet Metal,Structures,M,A,3.15,ACTIVE
PN00024,AH389666,Fabrication Module 24,Fabrications,Structures,EA,C,37.23,ACTIVE
PN00025,DZ255813,Casting Module 25,Castings,Powertrain,M,B,19.47,ACTIVE
PN00026,RE831380,Hose Kit 26,Hoses,Hydraulics,M,B,1.44,ACTIVE
PN00027,DZ795928,Pump Kit 27,Pumps,Hydraulics,KG,C,214.19,ACTIVE
PN00028,DZ204555,Fabrication Module 28,Fabrications,Structures,EA,C,24.04,ACTIVE
PN00029,DZ781403,Fastener Assy 29,Fasteners,Structures,EA,C,63.89,ACTIVE
PN00030,AH747453,Pump Assy 30,Pumps,Hydraulics,EA,C,121.27,PHASE_OUT
PN00031,AH897305,Harnesse Assy 31,Harnesses,Electrical,KG,A,69.96,ACTIVE
PN00032,RE356059,Casting Module 32,Castings,Powertrain,M,C,18.78,ACTIVE
PN00033,RE343467,Bearing Module 33,Bearings,Powertrain,EA,B,43.4,ACTIVE
PN00034,AL716113,Valve Unit 34,Valves,Hydraulics,KG,C,11.58,ACTIVE
PN00035,DZ211834,Sensor Kit 35,Sensors,Electrical,KG,C,14.32,ACTIVE
PN00036,AH735863,Sheet Metal Module 36,Sheet Metal,Structures,EA,C,48.14,ACTIVE
PN00037,AL810687,Controller Kit 37,Controllers,Electrical,EA,C,18.26,ACTIVE
PN00038,AL442589,Sensor Module 38,Sensors,Electrical,EA,B,25.36,ACTIVE
PN00039,RE369452,Controller Module 39,Controllers,Electrical,EA,C,61.06,ACTIVE
PN00040,RE809176,Forging Module 40,Forgings,Powertrain,M,B,31.23,ACTIVE
PN00041,AL805511,Casting Unit 41,Castings,Powertrain,M,B,20.88,ACTIVE
PN00042,AH749641,Controller Unit 42,Controllers,Electrical,M,B,13.78,ACTIVE
PN00043,DZ222343,Valve Kit 43,Valves,Hydraulics,EA,C,90.6,ACTIVE
PN00044,RE507524,Valve Module 44,Valves,Hydraulics,EA,C,14.0,ACTIVE
PN00045,RE535037,Hose Assy 45,Hoses,Hydraulics,KG,C,19.33,PHASE_OUT
PN00046,DZ566297,Sensor Kit 46,Sensors,Electrical,EA,A,9.27,ACTIVE
PN00047,AH517479,Hose Unit 47,Hoses,Hydraulics,EA,C,230.5,PHASE_OUT
PN00048,AH153035,Valve Unit 48,Valves,Hydraulics,EA,C,13.61,ACTIVE
PN00049,RE444519,Harnesse Kit 49,Harnesses,Electrical,M,A,17.45,ACTIVE
PN00050,AH238205,Bearing Assy 50,Bearings,Powertrain,EA,C,58.87,ACTIVE
PN00051,AH881886,Controller Assy 51,Controllers,Electrical,KG,B,10.96,ACTIVE
PN00052,AH862569,Fabrication Unit 52,Fabrications,Structures,KG,C,8.57,ACTIVE
PN00053,AH614084,Valve Module 53,Valves,Hydraulics,EA,C,93.55,ACTIVE
PN00054,AL499407,Bearing Unit 54,Bearings,Powertrain,KG,C,11.85,ACTIVE
PN00055,RE550961,Sheet Metal Module 55,Sheet Metal,Structures,EA,B,4.88,ACTIVE
PN00056,DZ427704,Pump Unit 56,Pumps,Hydraulics,EA,C,28.24,ACTIVE
PN00057,AH714953,Valve Unit 57,Valves,Hydraulics,EA,B,291.89,ACTIVE
PN00058,RE262246,Pump Module 58,Pumps,Hydraulics,EA,C,18.12,ACTIVE
PN00059,RE946432,Hose Module 59,Hoses,Hydraulics,M,C,12.72,ACTIVE
PN00060,AL130359,Fabrication Kit 60,Fabrications,Structures,EA,C,65.18,ACTIVE
PN00061,RE693830,Controller Module 61,Controllers,Electrical,EA,A,24.23,ACTIVE
PN00062,DZ540226,Casting Module 62,Castings,Powertrain,EA,A,7.45,ACTIVE
PN00063,AH155164,Controller Kit 63,Controllers,Electrical,EA,C,99.32,ACTIVE
PN00064,DZ736565,Forging Module 64,Forgings,Powertrain,KG,B,10.42,ACTIVE
PN00065,DZ652530,Forging Unit 65,Forgings,Powertrain,EA,B,24.56,NEW
PN00066,AL403507,Casting Unit 66,Castings,Powertrain,EA,A,18.65,ACTIVE
PN00067,RE624563,Bearing Unit 67,Bearings,Powertrain,EA,B,8.49,ACTIVE
PN00068,DZ843963,Pump Module 68,Pumps,Hydraulics,EA,A,143.21,ACTIVE
PN00069,AL192410,Controller Module 69,Controllers,Electrical,EA,B,26.56,ACTIVE
PN00070,RE180089,Hose Assy 70,Hoses,Hydraulics,M,C,56.92,PHASE_OUT
PN00071,AH253557,Controller Unit 71,Controllers,Electrical,EA,A,44.38,ACTIVE
PN00072,DZ814220,Fastener Unit 72,Fasteners,Structures,EA,A,49.87,ACTIVE
PN00073,AH469038,Valve Assy 73,Valves,Hydraulics,EA,B,100.15,ACTIVE
PN00074,DZ708519,Controller Assy 74,Controllers,Electrical,KG,C,49.42,ACTIVE
PN00075,RE164879,Harnesse Module 75,Harnesses,Electrical,EA,C,18.47,ACTIVE
PN00076,AH359778,Sheet Metal Module 76,Sheet Metal,Structures,KG,C,4.41,ACTIVE
PN00077,DZ912085,Controller Unit 77,Controllers,Electrical,M,A,24.43,ACTIVE
PN00078,RE449555,Controller Assy 78,Controllers,Electrical,M,C,50.78,PHASE_OUT
PN00079,AH424620,Sensor Module 79,Sensors,Electrical,EA,C,20.95,ACTIVE
PN00080,AL289019,Sheet Metal Kit 80,Sheet Metal,Structures,EA,C,33.61,ACTIVE
PN00081,AH794083,Harnesse Unit 81,Harnesses,Electrical,M,A,6.34,ACTIVE
PN00082,RE856215,Bearing Module 82,Bearings,Powertrain,EA,B,5.57,ACTIVE
PN00083,RE659951,Harnesse Kit 83,Harnesses,Electrical,EA,C,245.35,ACTIVE
PN00084,AL915922,Harnesse Module 84,Harnesses,Electrical,M,C,155.06,NEW
PN00085,AL154714,Harnesse Module 85,Harnesses,Electrical,EA,C,60.33,ACTIVE
PN00086,RE386042,Hose Module 86,Hoses,Hydraulics,M,A,76.91,ACTIVE
PN00087,DZ626392,Harnesse Unit 87,Harnesses,Electrical,EA,B,117.0,ACTIVE
PN00088,RE244283,Harnesse Assy 88,Harnesses,Electrical,EA,C,174.56,ACTIVE
PN00089,AH183074,Bearing Assy 89,Bearings,Powertrain,EA,B,76.43,ACTIVE
PN00090,AL349183,Sheet Metal Unit 90,Sheet Metal,Structures,EA,A,45.78,ACTIVE
PN00091,DZ725726,Fabrication Assy 91,Fabrications,Structures,M,C,30.49,ACTIVE
PN00092,RE698384,Sensor Module 92,Sensors,Electrical,EA,C,24.16,ACTIVE
PN00093,AH509420,Controller Module 93,Controllers,Electrical,EA,C,6.92,NEW
PN00094,AH461551,Sensor Kit 94,Sensors,Electrical,EA,C,64.07,ACTIVE
PN00095,AL953025,Controller Kit 95,Controllers,Electrical,KG,C,12.54,ACTIVE
PN00096,AL311383,Bearing Assy 96,Bearings,Powertrain,EA,C,79.33,ACTIVE
PN00097,DZ365618,Sensor Assy 97,Sensors,Electrical,EA,B,374.74,ACTIVE
PN00098,AH938171,Casting Unit 98,Castings,Powertrain,KG,C,84.72,ACTIVE
PN00099,DZ485191,Pump Unit 99,Pumps,Hydraulics,EA,C,23.58,ACTIVE
PN00100,AL793024,Fabrication Unit 100,Fabrications,Structures,EA,B,22.33,ACTIVE
PN00101,AH862120,Bearing Unit 101,Bearings,Powertrain,M,C,54.71,ACTIVE
PN00102,AL638009,Casting Kit 102,Castings,Powertrain,EA,A,4.43,ACTIVE
PN00103,DZ694799,Valve Assy 103,Valves,Hydraulics,M,A,70.39,ACTIVE
PN00104,RE655178,Controller Unit 104,Controllers,Electrical,KG,B,13.11,ACTIVE
PN00105,AH374492,Forging Unit 105,Forgings,Powertrain,KG,B,47.09,ACTIVE
PN00106,AH242321,Sheet Metal Assy 106,Sheet Metal,Structures,KG,A,134.86,ACTIVE
PN00107,AL414527,Forging Kit 107,Forgings,Powertrain,EA,C,73.61,ACTIVE
PN00108,AL680933,Forging Unit 108,Forgings,Powertrain,KG,C,13.56,ACTIVE
PN00109,DZ651231,Fabrication Module 109,Fabrications,Structures,KG,C,17.86,ACTIVE
PN00110,AL234568,Controller Kit 110,Controllers,Electrical,EA,B,51.62,PHASE_OUT
PN00111,AL272655,Casting Kit 111,Castings,Powertrain,EA,C,107.74,ACTIVE
PN00112,AL231250,Hose Unit 112,Hoses,Hydraulics,M,C,10.25,ACTIVE
PN00113,RE790731,Bearing Unit 113,Bearings,Powertrain,M,A,48.21,ACTIVE
PN00114,DZ748133,Forging Assy 114,Forgings,Powertrain,KG,C,48.3,ACTIVE
PN00115,DZ411882,Fastener Module 115,Fasteners,Structures,EA,C,150.67,ACTIVE
PN00116,RE427766,Pump Unit 116,Pumps,Hydraulics,EA,C,32.01,ACTIVE
PN00117,RE589131,Controller Assy 117,Controllers,Electrical,EA,B,34.08,ACTIVE
PN00118,DZ360330,Casting Kit 118,Castings,Powertrain,EA,C,18.46,ACTIVE
PN00119,DZ622987,Harnesse Unit 119,Harnesses,Electrical,KG,A,81.42,PHASE_OUT
PN00120,AL151021,Hose Assy 120,Hoses,Hydraulics,EA,B,30.07,ACTIVE
PN00121,AH988324,Fastener Assy 121,Fasteners,Structures,KG,A,50.12,ACTIVE
PN00122,DZ153642,Controller Kit 122,Controllers,Electrical,EA,C,67.62,ACTIVE
PN00123,AH234913,Hose Assy 123,Hoses,Hydraulics,KG,B,27.41,NEW
PN00124,AH147504,Hose Assy 124,Hoses,Hydraulics,EA,C,11.57,ACTIVE
PN00125,RE443897,Hose Unit 125,Hoses,Hydraulics,EA,B,27.46,ACTIVE
PN00126,DZ843167,Sensor Unit 126,Sensors,Electrical,KG,C,45.89,ACTIVE
PN00127,AL935457,Fastener Assy 127,Fasteners,Structures,M,B,10.51,NEW
PN00128,DZ278794,Fabrication Module 128,Fabrications,Structures,EA,C,53.41,ACTIVE
PN00129,RE533020,Fabrication Kit 129,Fabrications,Structures,KG,C,9.95,ACTIVE
PN00130,DZ651002,Valve Module 130,Valves,Hydraulics,EA,C,15.74,ACTIVE
PN00131,AL739711,Hose Module 131,Hoses,Hydraulics,EA,C,21.78,ACTIVE
PN00132,RE823769,Sensor Module 132,Sensors,Electrical,EA,B,20.32,ACTIVE
PN00133,DZ513697,Sheet Metal Unit 133,Sheet Metal,Structures,EA,B,21.27,ACTIVE
PN00134,RE311883,Sheet Metal Unit 134,Sheet Metal,Structures,M,C,95.49,ACTIVE
PN00135,AH802371,Fabrication Kit 135,Fabrications,Structures,EA,A,57.01,ACTIVE
PN00136,RE105433,Sheet Metal Kit 136,Sheet Metal,Structures,KG,C,28.55,ACTIVE
PN00137,AL436768,Valve Unit 137,Valves,Hydraulics,EA,C,31.55,ACTIVE
PN00138,AH283568,Fabrication Module 138,Fabrications,Structures,EA,C,5.71,ACTIVE
PN00139,AL139286,Pump Assy 139,Pumps,Hydraulics,EA,C,60.77,ACTIVE
PN00140,RE992400,Controller Module 140,Controllers,Electrical,EA,A,38.35,ACTIVE
PN00141,RE114768,Bearing Unit 141,Bearings,Powertrain,EA,C,102.24,ACTIVE
PN00142,DZ967161,Bearing Module 142,Bearings,Powertrain,M,B,56.09,ACTIVE
PN00143,AL360096,Forging Assy 143,Forgings,Powertrain,EA,B,17.65,ACTIVE
PN00144,AH374258,Sensor Unit 144,Sensors,Electrical,EA,A,101.07,ACTIVE
PN00145,AL823821,Sensor Assy 145,Sensors,Electrical,EA,B,5.16,ACTIVE
PN00146,AL536045,Bearing Module 146,Bearings,Powertrain,M,C,30.92,ACTIVE
PN00147,AH651033,Harnesse Module 147,Harnesses,Electrical,M,C,71.2,ACTIVE
PN00148,RE272529,Fabrication Unit 148,Fabrications,Structures,M,B,78.75,ACTIVE
PN00149,DZ947975,Sheet Metal Assy 149,Sheet Metal,Structures,KG,A,38.74,ACTIVE
PN00150,AL858414,Fabrication Assy 150,Fabrications,Structures,KG,B,8.07,ACTIVE
PN00151,AL834406,Harnesse Assy 151,Harnesses,Electrical,M,C,38.12,PHASE_OUT
PN00152,AL528728,Forging Kit 152,Forgings,Powertrain,EA,C,160.73,NEW
PN00153,DZ570325,Fastener Module 153,Fasteners,Structures,KG,A,118.15,NEW
PN00154,RE975373,Hose Assy 154,Hoses,Hydraulics,EA,C,26.84,ACTIVE
PN00155,RE359535,Sheet Metal Module 155,Sheet Metal,Structures,EA,A,38.97,ACTIVE
PN00156,AH352356,Sheet Metal Kit 156,Sheet Metal,Structures,EA,A,67.61,ACTIVE
PN00157,RE876513,Fabrication Assy 157,Fabrications,Structures,KG,B,333.42,ACTIVE
PN00158,AL348411,Casting Unit 158,Castings,Powertrain,EA,C,45.11,ACTIVE
PN00159,RE756401,Pump Module 159,Pumps,Hydraulics,M,B,23.0,NEW
PN00160,AL830132,Fastener Module 160,Fasteners,Structures,KG,A,130.62,ACTIVE
PN00161,AL999197,Hose Kit 161,Hoses,Hydraulics,KG,C,24.49,ACTIVE
PN00162,RE367382,Pump Kit 162,Pumps,Hydraulics,EA,C,37.1,PHASE_OUT
PN00163,AH176319,Controller Kit 163,Controllers,Electrical,M,C,16.02,ACTIVE
PN00164,AH883159,Valve Module 164,Valves,Hydraulics,EA,C,17.99,ACTIVE
PN00165,AL499152,Pump Module 165,Pumps,Hydraulics,M,C,162.38,ACTIVE
PN00166,AH941814,Controller Module 166,Controllers,Electrical,EA,C,34.6,ACTIVE
PN00167,DZ409531,Pump Kit 167,Pumps,Hydraulics,EA,B,41.26,ACTIVE
PN00168,AL369826,Harnesse Module 168,Harnesses,Electrical,KG,B,33.0,ACTIVE
PN00169,DZ292988,Controller Assy 169,Controllers,Electrical,M,A,4.36,ACTIVE
PN00170,AH841521,Fastener Kit 170,Fasteners,Structures,EA,B,6.15,ACTIVE
PN00171,DZ791309,Casting Module 171,Castings,Powertrain,EA,A,60.74,ACTIVE
PN00172,DZ945328,Casting Kit 172,Castings,Powertrain,EA,C,36.09,ACTIVE
PN00173,AL380310,Harnesse Module 173,Harnesses,Electrical,EA,B,10.85,ACTIVE
PN00174,AL817269,Fabrication Assy 174,Fabrications,Structures,EA,A,7.73,ACTIVE
PN00175,RE186702,Hose Module 175,Hoses,Hydraulics,KG,C,29.57,ACTIVE
PN00176,AL148823,Forging Assy 176,Forgings,Powertrain,EA,C,70.91,ACTIVE
PN00177,DZ809922,Casting Unit 177,Castings,Powertrain,KG,C,15.03,ACTIVE
PN00178,AL156304,Sheet Metal Assy 178,Sheet Metal,Structures,KG,B,71.55,ACTIVE
PN00179,AH764926,Fabrication Unit 179,Fabrications,Structures,KG,B,15.14,ACTIVE
PN00180,DZ189856,Pump Unit 180,Pumps,Hydraulics,EA,C,22.99,ACTIVE
PN00181,RE875584,Bearing Module 181,Bearings,Powertrain,EA,B,12.77,ACTIVE
PN00182,AH238943,Sensor Assy 182,Sensors,Electrical,EA,B,22.26,ACTIVE
PN00183,AL681141,Hose Assy 183,Hoses,Hydraulics,M,C,28.16,ACTIVE
PN00184,AH860053,Pump Kit 184,Pumps,Hydraulics,M,C,7.95,ACTIVE
PN00185,DZ253023,Bearing Assy 185,Bearings,Powertrain,EA,B,13.65,ACTIVE
PN00186,RE855917,Valve Module 186,Valves,Hydraulics,M,C,70.74,ACTIVE
PN00187,AL561607,Bearing Unit 187,Bearings,Powertrain,KG,C,15.52,ACTIVE
PN00188,RE602278,Fabrication Unit 188,Fabrications,Structures,EA,C,13.21,NEW
PN00189,RE441716,Sensor Module 189,Sensors,Electrical,EA,C,99.25,ACTIVE
PN00190,RE814827,Forging Assy 190,Forgings,Powertrain,KG,C,83.62,ACTIVE
PN00191,AL353777,Sensor Unit 191,Sensors,Electrical,EA,C,46.75,ACTIVE
PN00192,DZ660324,Forging Module 192,Forgings,Powertrain,M,A,26.65,NEW
PN00193,AH214682,Sheet Metal Kit 193,Sheet Metal,Structures,EA,A,143.33,ACTIVE
PN00194,DZ211090,Fabrication Assy 194,Fabrications,Structures,EA,B,16.51,ACTIVE
PN00195,RE567432,Hose Unit 195,Hoses,Hydraulics,KG,B,45.54,ACTIVE
PN00196,AH606222,Sheet Metal Assy 196,Sheet Metal,Structures,EA,B,33.16,NEW
PN00197,AL427040,Forging Unit 197,Forgings,Powertrain,KG,C,272.14,ACTIVE
PN00198,DZ434400,Controller Assy 198,Controllers,Electrical,EA,A,30.79,ACTIVE
PN00199,RE876459,Casting Kit 199,Castings,Powertrain,M,A,181.57,ACTIVE
PN00200,DZ760351,Hose Kit 200,Hoses,Hydraulics,EA,C,26.19,ACTIVE
PN00201,AH838968,Casting Kit 201,Castings,Powertrain,EA,B,28.46,ACTIVE
PN00202,RE483561,Forging Unit 202,Forgings,Powertrain,EA,B,64.19,ACTIVE
PN00203,DZ741003,Valve Module 203,Valves,Hydraulics,M,A,37.78,ACTIVE
PN00204,AL744333,Valve Assy 204,Valves,Hydraulics,EA,B,97.61,ACTIVE
PN00205,DZ538555,Forging Kit 205,Forgings,Powertrain,M,B,5.62,ACTIVE
PN00206,RE681868,Fastener Kit 206,Fasteners,Structures,KG,B,73.2,ACTIVE
PN00207,AH608149,Valve Kit 207,Valves,Hydraulics,EA,C,151.91,NEW
PN00208,DZ535820,Hose Module 208,Hoses,Hydraulics,KG,A,51.65,ACTIVE
PN00209,AL276379,Harnesse Module 209,Harnesses,Electrical,M,C,20.25,ACTIVE
PN00210,AL912764,Hose Unit 210,Hoses,Hydraulics,M,C,34.58,ACTIVE
PN00211,DZ207391,Sheet Metal Kit 211,Sheet Metal,Structures,EA,C,29.12,ACTIVE
PN00212,DZ223088,Sensor Kit 212,Sensors,Electrical,EA,C,8.03,ACTIVE
PN00213,DZ274044,Controller Kit 213,Controllers,Electrical,EA,C,162.27,ACTIVE
PN00214,RE439375,Fabrication Unit 214,Fabrications,Structures,EA,C,23.2,NEW
PN00215,RE898462,Hose Module 215,Hoses,Hydraulics,KG,A,7.48,ACTIVE
PN00216,AH522419,Fastener Unit 216,Fasteners,Structures,EA,B,25.32,ACTIVE
PN00217,DZ765678,Fabrication Unit 217,Fabrications,Structures,EA,C,146.03,ACTIVE
PN00218,AL968581,Pump Unit 218,Pumps,Hydraulics,EA,C,99.77,ACTIVE
PN00219,AH230272,Valve Kit 219,Valves,Hydraulics,KG,B,124.66,NEW
PN00220,RE781571,Pump Unit 220,Pumps,Hydraulics,EA,C,6.42,ACTIVE
PN00221,AL796787,Forging Kit 221,Forgings,Powertrain,EA,B,47.17,ACTIVE
PN00222,AH837880,Sheet Metal Assy 222,Sheet Metal,Structures,EA,B,71.32,ACTIVE
PN00223,AH108454,Fabrication Unit 223,Fabrications,Structures,EA,C,7.63,ACTIVE
PN00224,AH866260,Bearing Assy 224,Bearings,Powertrain,EA,B,31.51,ACTIVE
PN00225,RE772741,Bearing Kit 225,Bearings,Powertrain,EA,C,11.27,ACTIVE
PN00226,RE758589,Fastener Kit 226,Fasteners,Structures,KG,C,13.62,ACTIVE
PN00227,DZ468611,Harnesse Module 227,Harnesses,Electrical,EA,C,95.12,ACTIVE
PN00228,AL916808,Fastener Assy 228,Fasteners,Structures,EA,B,6.71,ACTIVE
PN00229,AH921875,Harnesse Kit 229,Harnesses,Electrical,KG,B,60.56,ACTIVE
PN00230,AH478638,Fastener Unit 230,Fasteners,Structures,EA,B,46.6,ACTIVE
PN00231,DZ907788,Pump Assy 231,Pumps,Hydraulics,EA,C,15.99,ACTIVE
PN00232,DZ544150,Harnesse Module 232,Harnesses,Electrical,EA,C,90.55,ACTIVE
PN00233,RE947312,Bearing Kit 233,Bearings,Powertrain,M,B,19.04,ACTIVE
PN00234,DZ865416,Fastener Kit 234,Fasteners,Structures,EA,B,46.18,PHASE_OUT
PN00235,AL798435,Forging Kit 235,Forgings,Powertrain,EA,A,26.99,ACTIVE
PN00236,AL275073,Casting Unit 236,Castings,Powertrain,EA,C,39.72,ACTIVE
PN00237,AH620248,Sheet Metal Module 237,Sheet Metal,Structures,M,B,21.8,ACTIVE
PN00238,AH701790,Fabrication Assy 238,Fabrications,Structures,EA,C,16.81,ACTIVE
PN00239,DZ257375,Casting Kit 239,Castings,Powertrain,EA,C,14.45,PHASE_OUT
PN00240,RE536476,Sheet Metal Unit 240,Sheet Metal,Structures,EA,C,46.73,ACTIVE
PN00241,RE334026,Forging Assy 241,Forgings,Powertrain,KG,A,34.32,ACTIVE
PN00242,AH679958,Sensor Module 242,Sensors,Electrical,EA,B,65.42,ACTIVE
PN00243,AL720432,Sensor Module 243,Sensors,Electrical,EA,C,56.98,ACTIVE
PN00244,AH451291,Harnesse Assy 244,Harnesses,Electrical,KG,C,70.87,ACTIVE
PN00245,RE846221,Forging Unit 245,Forgings,Powertrain,EA,A,0.96,ACTIVE
PN00246,DZ884229,Hose Assy 246,Hoses,Hydraulics,M,A,7.94,ACTIVE
PN00247,DZ794622,Pump Kit 247,Pumps,Hydraulics,EA,B,6.12,ACTIVE
PN00248,AL574751,Pump Unit 248,Pumps,Hydraulics,EA,A,121.65,ACTIVE
PN00249,AH661957,Fabrication Unit 249,Fabrications,Structures,EA,B,29.19,ACTIVE
PN00250,AH325465,Forging Unit 250,Forgings,Powertrain,EA,A,10.62,ACTIVE
PN00251,AL372804,Controller Kit 251,Controllers,Electrical,EA,C,27.46,ACTIVE
PN00252,DZ206857,Hose Kit 252,Hoses,Hydraulics,EA,A,58.4,ACTIVE
PN00253,AH710610,Harnesse Unit 253,Harnesses,Electrical,EA,A,18.3,ACTIVE
PN00254,AL228479,Fastener Assy 254,Fasteners,Structures,KG,A,29.62,PHASE_OUT
PN00255,AH501320,Pump Module 255,Pumps,Hydraulics,EA,B,82.45,PHASE_OUT
PN00256,DZ677438,Sensor Module 256,Sensors,Electrical,EA,A,17.84,ACTIVE
PN00257,AH501078,Pump Unit 257,Pumps,Hydraulics,KG,C,37.34,ACTIVE
PN00258,RE127329,Fabrication Unit 258,Fabrications,Structures,M,B,33.34,ACTIVE
PN00259,RE267378,Sensor Assy 259,Sensors,Electrical,EA,C,41.12,ACTIVE
PN00260,RE284654,Sheet Metal Kit 260,Sheet Metal,Structures,M,B,73.02,ACTIVE
PN00261,RE977340,Controller Module 261,Controllers,Electrical,M,B,42.51,ACTIVE
PN00262,AH652021,Forging Module 262,Forgings,Powertrain,EA,B,4.9,ACTIVE
PN00263,AL162448,Bearing Assy 263,Bearings,Powertrain,EA,C,23.76,PHASE_OUT
PN00264,DZ714483,Forging Assy 264,Forgings,Powertrain,EA,B,116.9,ACTIVE
PN00265,DZ780714,Bearing Unit 265,Bearings,Powertrain,EA,C,67.21,ACTIVE
PN00266,RE496764,Fabrication Unit 266,Fabrications,Structures,EA,A,62.42,ACTIVE
PN00267,AH290926,Sheet Metal Unit 267,Sheet Metal,Structures,M,B,117.36,ACTIVE
PN00268,DZ111949,Valve Unit 268,Valves,Hydraulics,EA,B,271.88,ACTIVE
PN00269,AH504684,Sensor Module 269,Sensors,Electrical,KG,C,192.7,ACTIVE
PN00270,DZ206355,Valve Module 270,Valves,Hydraulics,M,C,90.88,ACTIVE
PN00271,AH409234,Bearing Assy 271,Bearings,Powertrain,EA,B,21.84,ACTIVE
PN00272,AH673619,Controller Assy 272,Controllers,Electrical,EA,C,13.38,ACTIVE
PN00273,RE736818,Valve Module 273,Valves,Hydraulics,EA,A,61.37,ACTIVE
PN00274,AL792687,Harnesse Unit 274,Harnesses,Electrical,EA,B,23.36,ACTIVE
PN00275,AH478356,Fabrication Assy 275,Fabrications,Structures,KG,A,39.15,ACTIVE
PN00276,AH317005,Fastener Kit 276,Fasteners,Structures,EA,C,41.05,ACTIVE
PN00277,DZ793150,Forging Unit 277,Forgings,Powertrain,EA,C,19.19,ACTIVE
PN00278,DZ146784,Controller Unit 278,Controllers,Electrical,KG,B,94.51,ACTIVE
PN00279,AH189870,Sensor Unit 279,Sensors,Electrical,M,B,37.71,ACTIVE
PN00280,DZ661527,Harnesse Module 280,Harnesses,Electrical,M,C,59.0,ACTIVE
PN00281,AH626491,Forging Kit 281,Forgings,Powertrain,EA,C,9.63,ACTIVE
PN00282,DZ311727,Bearing Kit 282,Bearings,Powertrain,M,B,10.89,PHASE_OUT
PN00283,AL998235,Forging Unit 283,Forgings,Powertrain,M,B,6.71,ACTIVE
PN00284,DZ217984,Sheet Metal Module 284,Sheet Metal,Structures,EA,A,51.53,ACTIVE
PN00285,AH923914,Forging Unit 285,Forgings,Powertrain,M,C,175.38,ACTIVE
PN00286,DZ139285,Sensor Kit 286,Sensors,Electrical,EA,B,22.42,ACTIVE
PN00287,AL824056,Fastener Kit 287,Fasteners,Structures,EA,C,46.79,PHASE_OUT
PN00288,DZ999924,Controller Assy 288,Controllers,Electrical,EA,A,20.71,NEW
PN00289,DZ734366,Valve Assy 289,Valves,Hydraulics,EA,B,66.17,PHASE_OUT
PN00290,AL960899,Pump Assy 290,Pumps,Hydraulics,M,C,184.69,ACTIVE
PN00291,AH282176,Sheet Metal Kit 291,Sheet Metal,Structures,EA,C,33.57,ACTIVE
PN00292,RE387286,Valve Unit 292,Valves,Hydraulics,KG,C,9.92,ACTIVE
PN00293,DZ722899,Forging Module 293,Forgings,Powertrain,EA,C,49.9,ACTIVE
PN00294,AL885342,Hose Assy 294,Hoses,Hydraulics,EA,A,24.33,ACTIVE
PN00295,RE778827,Fabrication Kit 295,Fabrications,Structures,EA,B,61.01,ACTIVE
PN00296,RE778818,Casting Kit 296,Castings,Powertrain,M,C,60.0,ACTIVE
PN00297,AL544393,Fabrication Module 297,Fabrications,Structures,EA,B,70.36,ACTIVE
PN00298,DZ712879,Sensor Assy 298,Sensors,Electrical,EA,C,186.84,ACTIVE
PN00299,AL412974,Controller Assy 299,Controllers,Electrical,KG,A,42.93,NEW
PN00300,AL297509,Fastener Kit 300,Fasteners,Structures,M,C,21.87,ACTIVE
PN00301,RE856320,Fabrication Assy 301,Fabrications,Structures,KG,C,26.0,ACTIVE
PN00302,RE459836,Pump Kit 302,Pumps,Hydraulics,M,C,17.78,ACTIVE
PN00303,RE981473,Fastener Kit 303,Fasteners,Structures,EA,A,23.41,ACTIVE
PN00304,RE812730,Sensor Unit 304,Sensors,Electrical,EA,B,79.52,ACTIVE
PN00305,AL373216,Sensor Unit 305,Sensors,Electrical,KG,C,9.92,ACTIVE
PN00306,AH595158,Fastener Kit 306,Fasteners,Structures,M,A,434.46,ACTIVE
PN00307,RE244037,Hose Kit 307,Hoses,Hydraulics,EA,B,22.97,ACTIVE
PN00308,DZ386814,Valve Kit 308,Valves,Hydraulics,EA,C,23.58,ACTIVE
PN00309,DZ522988,Forging Module 309,Forgings,Powertrain,KG,B,10.78,ACTIVE
PN00310,AH757128,Harnesse Kit 310,Harnesses,Electrical,EA,C,34.96,ACTIVE
PN00311,AL275133,Bearing Assy 311,Bearings,Powertrain,EA,B,8.4,ACTIVE
PN00312,DZ820141,Sheet Metal Kit 312,Sheet Metal,Structures,EA,C,35.63,ACTIVE
PN00313,AH493417,Harnesse Unit 313,Harnesses,Electrical,M,C,33.42,ACTIVE
PN00314,AH150578,Casting Assy 314,Castings,Powertrain,KG,B,73.85,ACTIVE
PN00315,AH415743,Sensor Module 315,Sensors,Electrical,EA,C,31.44,ACTIVE
PN00316,AH636435,Fabrication Assy 316,Fabrications,Structures,EA,A,59.89,ACTIVE
PN00317,RE475308,Harnesse Module 317,Harnesses,Electrical,EA,A,76.87,ACTIVE
PN00318,RE102871,Harnesse Assy 318,Harnesses,Electrical,EA,C,61.66,ACTIVE
PN00319,AH858711,Fastener Assy 319,Fasteners,Structures,EA,C,27.11,ACTIVE
PN00320,RE141360,Sensor Unit 320,Sensors,Electrical,EA,C,21.63,ACTIVE
PN00321,AL474894,Sheet Metal Module 321,Sheet Metal,Structures,M,B,5.71,ACTIVE
PN00322,DZ519692,Controller Module 322,Controllers,Electrical,EA,C,64.15,ACTIVE
PN00323,RE218548,Valve Kit 323,Valves,Hydraulics,EA,C,143.33,ACTIVE
PN00324,DZ290065,Forging Module 324,Forgings,Powertrain,EA,C,23.29,ACTIVE
PN00325,AL786789,Sheet Metal Unit 325,Sheet Metal,Structures,EA,C,28.23,ACTIVE
PN00326,AL644315,Sheet Metal Assy 326,Sheet Metal,Structures,KG,C,44.8,ACTIVE
PN00327,RE979789,Controller Assy 327,Controllers,Electrical,EA,C,72.47,ACTIVE
PN00328,RE446968,Valve Unit 328,Valves,Hydraulics,EA,C,7.89,ACTIVE
PN00329,DZ565765,Pump Module 329,Pumps,Hydraulics,EA,C,26.66,ACTIVE
PN00330,AH684194,Forging Assy 330,Forgings,Powertrain,EA,C,8.28,NEW
PN00331,RE786393,Fastener Module 331,Fasteners,Structures,EA,B,16.75,ACTIVE
PN00332,DZ851470,Harnesse Unit 332,Harnesses,Electrical,KG,A,80.18,ACTIVE
PN00333,AL674295,Harnesse Unit 333,Harnesses,Electrical,EA,A,8.81,ACTIVE
PN00334,DZ212157,Bearing Unit 334,Bearings,Powertrain,M,A,282.66,ACTIVE
PN00335,DZ148759,Pump Assy 335,Pumps,Hydraulics,KG,B,14.85,ACTIVE
PN00336,AH680099,Hose Module 336,Hoses,Hydraulics,M,B,9.48,ACTIVE
PN00337,RE208584,Bearing Module 337,Bearings,Powertrain,M,C,49.31,ACTIVE
PN00338,RE386886,Pump Module 338,Pumps,Hydraulics,EA,C,23.18,ACTIVE
PN00339,AL984027,Bearing Unit 339,Bearings,Powertrain,M,C,6.95,ACTIVE
PN00340,RE844904,Fabrication Kit 340,Fabrications,Structures,M,C,107.08,ACTIVE
PN00341,DZ711116,Sheet Metal Module 341,Sheet Metal,Structures,M,B,11.96,ACTIVE
PN00342,RE155642,Casting Assy 342,Castings,Powertrain,EA,B,34.47,ACTIVE
PN00343,AH824141,Sensor Unit 343,Sensors,Electrical,EA,C,47.87,ACTIVE
PN00344,RE635740,Valve Unit 344,Valves,Hydraulics,EA,C,85.45,ACTIVE
PN00345,AH879794,Fastener Unit 345,Fasteners,Structures,EA,C,16.16,ACTIVE
PN00346,RE913848,Valve Kit 346,Valves,Hydraulics,EA,B,89.68,NEW
PN00347,AH495521,Forging Assy 347,Forgings,Powertrain,KG,B,17.29,ACTIVE
PN00348,AL588983,Bearing Kit 348,Bearings,Powertrain,EA,A,40.18,ACTIVE
PN00349,AL614379,Casting Unit 349,Castings,Powertrain,EA,C,115.95,ACTIVE
PN00350,RE536135,Harnesse Module 350,Harnesses,Electrical,EA,B,169.92,ACTIVE
PN00351,RE889216,Fastener Module 351,Fasteners,Structures,M,C,21.09,NEW
PN00352,RE773462,Casting Kit 352,Castings,Powertrain,EA,C,12.05,ACTIVE
PN00353,AL125905,Forging Unit 353,Forgings,Powertrain,M,C,21.63,ACTIVE
PN00354,AL638857,Casting Assy 354,Castings,Powertrain,EA,A,12.16,NEW
PN00355,RE802897,Hose Kit 355,Hoses,Hydraulics,KG,C,38.58,ACTIVE
PN00356,AH883171,Sheet Metal Kit 356,Sheet Metal,Structures,EA,B,18.06,ACTIVE
PN00357,RE371212,Forging Module 357,Forgings,Powertrain,KG,B,20.95,ACTIVE
PN00358,AH892682,Controller Assy 358,Controllers,Electrical,EA,B,39.12,ACTIVE
PN00359,AH395192,Sensor Module 359,Sensors,Electrical,KG,B,66.98,ACTIVE
PN00360,DZ935474,Valve Unit 360,Valves,Hydraulics,EA,B,15.55,ACTIVE
PN00361,AH419491,Sheet Metal Kit 361,Sheet Metal,Structures,EA,B,40.69,PHASE_OUT
PN00362,AL303765,Hose Assy 362,Hoses,Hydraulics,EA,C,15.62,ACTIVE
PN00363,AH362865,Casting Assy 363,Castings,Powertrain,EA,C,37.34,ACTIVE
PN00364,RE204904,Controller Unit 364,Controllers,Electrical,M,A,15.71,ACTIVE
PN00365,AL827143,Valve Kit 365,Valves,Hydraulics,M,C,26.56,ACTIVE
PN00366,RE846794,Pump Module 366,Pumps,Hydraulics,EA,C,14.47,ACTIVE
PN00367,DZ476167,Sheet Metal Unit 367,Sheet Metal,Structures,KG,C,19.0,ACTIVE
PN00368,RE664781,Fabrication Kit 368,Fabrications,Structures,EA,C,12.22,ACTIVE
PN00369,DZ906564,Sheet Metal Kit 369,Sheet Metal,Structures,EA,C,33.54,ACTIVE
PN00370,AL511564,Hose Kit 370,Hoses,Hydraulics,M,C,26.77,ACTIVE
PN00371,AL626560,Valve Assy 371,Valves,Hydraulics,EA,C,33.19,ACTIVE
PN00372,RE567896,Fabrication Kit 372,Fabrications,Structures,EA,C,121.66,ACTIVE
PN00373,AL142383,Bearing Kit 373,Bearings,Powertrain,KG,B,72.5,ACTIVE
PN00374,DZ576728,Harnesse Assy 374,Harnesses,Electrical,EA,C,98.99,ACTIVE
PN00375,RE494956,Sheet Metal Module 375,Sheet Metal,Structures,EA,C,7.35,ACTIVE
PN00376,RE641455,Forging Module 376,Forgings,Powertrain,EA,C,34.67,ACTIVE
PN00377,RE180832,Valve Unit 377,Valves,Hydraulics,EA,A,106.71,ACTIVE
PN00378,RE534753,Fabrication Unit 378,Fabrications,Structures,EA,B,50.54,ACTIVE
PN00379,DZ123536,Harnesse Kit 379,Harnesses,Electrical,EA,A,51.5,ACTIVE
PN00380,RE158627,Bearing Kit 380,Bearings,Powertrain,EA,C,41.73,ACTIVE
PN00381,AH854500,Pump Unit 381,Pumps,Hydraulics,EA,B,48.94,ACTIVE
PN00382,DZ730025,Valve Kit 382,Valves,Hydraulics,M,C,70.79,ACTIVE
PN00383,AL575497,Fastener Assy 383,Fasteners,Structures,EA,B,33.86,ACTIVE
PN00384,RE734924,Casting Assy 384,Castings,Powertrain,EA,B,33.55,ACTIVE
PN00385,AH197716,Casting Module 385,Castings,Powertrain,EA,C,132.03,ACTIVE
PN00386,AL145548,Casting Module 386,Castings,Powertrain,EA,C,56.58,ACTIVE
PN00387,AH546157,Pump Kit 387,Pumps,Hydraulics,EA,B,8.91,ACTIVE
PN00388,AH706063,Forging Assy 388,Forgings,Powertrain,M,A,27.3,ACTIVE
PN00389,AH262297,Sheet Metal Module 389,Sheet Metal,Structures,M,B,80.08,ACTIVE
PN00390,DZ891645,Pump Kit 390,Pumps,Hydraulics,KG,C,44.07,ACTIVE
PN00391,AL421549,Bearing Unit 391,Bearings,Powertrain,KG,C,20.08,ACTIVE
PN00392,RE205149,Fastener Kit 392,Fasteners,Structures,M,B,14.18,ACTIVE
PN00393,AH268546,Hose Module 393,Hoses,Hydraulics,EA,C,61.57,ACTIVE
PN00394,AH375871,Valve Kit 394,Valves,Hydraulics,EA,A,120.77,ACTIVE
PN00395,AL846172,Pump Assy 395,Pumps,Hydraulics,EA,C,113.61,ACTIVE
PN00396,RE745073,Harnesse Kit 396,Harnesses,Electrical,EA,B,34.42,ACTIVE
PN00397,DZ470281,Bearing Module 397,Bearings,Powertrain,KG,C,12.44,ACTIVE
PN00398,AL464354,Sheet Metal Unit 398,Sheet Metal,Structures,EA,C,45.18,ACTIVE
PN00399,DZ630829,Pump Assy 399,Pumps,Hydraulics,M,A,39.41,ACTIVE
PN00400,DZ690525,Forging Module 400,Forgings,Powertrain,EA,C,50.41,NEW
