source_id,supplier_id,part_id,plant_id,agreed_unit_price,agreed_lead_time_days,moq,is_primary_source,currency
SRC000001,S0048,PN00001,P100,32.69,19,10,True,USD
SRC000002,S0033,PN00001,P100,34.36,60,500,False,USD
SRC000003,S0048,PN00001,P400,30.75,55,500,True,USD
SRC000004,S0033,PN00001,P400,30.73,69,500,False,USD
SRC000005,S0022,PN00002,P400,36.25,66,1,True,USD
SRC000006,S0022,PN00002,P300,32.33,56,100,True,USD
SRC000007,S0021,PN00003,P300,56.91,49,10,True,USD
SRC000008,S0021,PN00003,P500,60.5,69,100,True,USD
SRC000009,S0051,PN00004,P200,45.65,9,1,True,USD
SRC000010,S0028,PN00004,P200,40.71,33,10,False,USD
SRC000011,S0027,PN00005,P600,6.19,14,1,True,USD
SRC000012,S0036,PN00005,P600,6.22,64,10,False,USD
SRC000013,S0013,PN00005,P600,6.06,15,50,False,USD
SRC000014,S0027,PN00005,P100,6.5,69,10,True,USD
SRC000015,S0036,PN00005,P100,6.68,72,1,False,USD
SRC000016,S0013,PN00005,P100,6.28,72,500,False,USD
SRC000017,S0016,PN00006,P300,60.35,74,500,True,USD
SRC000018,S0052,PN00007,P100,52.42,72,50,True,USD
SRC000019,S0052,PN00007,P600,54.46,7,50,True,USD
SRC000020,S0052,PN00007,P400,54.49,17,100,True,USD
SRC000021,S0025,PN00008,P600,151.11,16,500,True,USD
SRC000022,S0025,PN00008,P100,139.32,42,500,True,USD
SRC000023,S0025,PN00008,P300,165.43,15,1,True,USD
SRC000024,S0045,PN00009,P300,31.99,40,1,True,USD
SRC000025,S0045,PN00009,P400,31.69,52,50,True,USD
SRC000026,S0034,PN00010,P600,76.92,54,1,True,USD
SRC000027,S0049,PN00010,P600,87.79,47,10,False,USD
SRC000028,S0056,PN00011,P200,57.73,17,500,True,USD
SRC000029,S0056,PN00011,P100,61.7,73,10,True,USD
SRC000030,S0056,PN00011,P400,56.57,66,10,True,USD
SRC000031,S0049,PN00012,P300,39.95,38,500,True,USD
SRC000032,S0049,PN00012,P400,42.73,42,10,True,USD
SRC000033,S0049,PN00012,P200,40.8,75,500,True,USD
SRC000034,S0038,PN00013,P200,127.48,18,1,True,USD
SRC000035,S0027,PN00013,P200,118.25,39,1,False,USD
SRC000036,S0036,PN00013,P200,132.62,56,100,False,USD
SRC000037,S0038,PN00013,P300,121.2,70,50,True,USD
SRC000038,S0027,PN00013,P300,117.46,10,1,False,USD
SRC000039,S0036,PN00013,P300,116.95,31,500,False,USD
SRC000040,S0038,PN00013,P100,128.95,68,500,True,USD
SRC000041,S0027,PN00013,P100,128.84,68,10,False,USD
SRC000042,S0036,PN00013,P100,119.41,31,50,False,USD
SRC000043,S0038,PN00014,P500,15.76,60,50,True,USD
SRC000044,S0038,PN00015,P400,31.6,44,1,True,USD
SRC000045,S0038,PN00015,P200,33.23,7,50,True,USD
SRC000046,S0030,PN00016,P100,122.87,58,500,True,USD
SRC000047,S0054,PN00016,P100,130.91,50,100,False,USD
SRC000048,S0044,PN00016,P100,141.14,57,100,False,USD
SRC000049,S0045,PN00017,P300,35.95,58,100,True,USD
SRC000050,S0043,PN00017,P300,38.1,32,10,False,USD
SRC000051,S0045,PN00017,P400,35.93,55,1,True,USD
SRC000052,S0043,PN00017,P400,36.21,63,1,False,USD
SRC000053,S0045,PN00017,P100,33.62,14,100,True,USD
SRC000054,S0043,PN00017,P100,38.5,48,100,False,USD
SRC000055,S0046,PN00018,P100,14.1,71,100,True,USD
SRC000056,S0046,PN00018,P500,13.06,62,1,True,USD
SRC000057,S0046,PN00018,P200,13.31,67,500,True,USD
SRC000058,S0047,PN00019,P400,19.57,67,10,True,USD
SRC000059,S0047,PN00019,P100,22.46,35,50,True,USD
SRC000060,S0011,PN00020,P600,11.79,14,50,True,USD
SRC000061,S0011,PN00020,P100,11.72,75,100,True,USD
SRC000062,S0011,PN00020,P500,13.33,62,500,True,USD
SRC000063,S0038,PN00021,P300,24.06,72,10,True,USD
SRC000064,S0060,PN00021,P300,22.18,39,10,False,USD
SRC000065,S0013,PN00021,P300,25.01,7,100,False,USD
SRC000066,S0053,PN00022,P600,116.42,38,10,True,USD
SRC000067,S0053,PN00022,P200,113.61,19,50,True,USD
SRC000068,S0029,PN00023,P500,3.28,61,10,True,USD
SRC000069,S0029,PN00023,P100,3.03,72,100,True,USD
SRC000070,S0056,PN00024,P500,38.72,45,500,True,USD
SRC000071,S0054,PN00025,P100,18.63,33,50,True,USD
SRC000072,S0007,PN00026,P500,1.42,35,1,True,USD
SRC000073,S0007,PN00026,P600,1.36,41,10,True,USD
SRC000074,S0007,PN00026,P300,1.52,69,500,True,USD
SRC000075,S0058,PN00027,P600,212.48,32,1,True,USD
SRC000076,S0019,PN00027,P600,229.98,50,50,False,USD
SRC000077,S0058,PN00027,P500,235.5,34,100,True,USD
SRC000078,S0019,PN00027,P500,233.18,8,50,False,USD
SRC000079,S0005,PN00028,P300,24.64,18,10,True,USD
SRC000080,S0005,PN00028,P600,25.06,8,500,True,USD
SRC000081,S0005,PN00028,P400,25.63,17,500,True,USD
SRC000082,S0051,PN00029,P300,70.63,69,500,True,USD
SRC000083,S0042,PN00029,P300,65.12,18,100,False,USD
SRC000084,S0040,PN00029,P300,65.07,41,500,False,USD
SRC000085,S0051,PN00029,P600,61.75,48,10,True,USD
SRC000086,S0042,PN00029,P600,58.8,7,100,False,USD
SRC000087,S0040,PN00029,P600,66.77,37,10,False,USD
SRC000088,S0051,PN00029,P500,69.0,56,100,True,USD
SRC000089,S0042,PN00029,P500,59.36,52,500,False,USD
SRC000090,S0040,PN00029,P500,69.08,43,1,False,USD
SRC000091,S0046,PN00030,P300,118.85,15,50,True,USD
SRC000092,S0058,PN00030,P300,130.17,37,50,False,USD
SRC000093,S0034,PN00031,P200,68.99,51,100,True,USD
SRC000094,S0003,PN00032,P600,19.01,64,50,True,USD
SRC000095,S0023,PN00032,P600,19.01,56,1,False,USD
SRC000096,S0030,PN00032,P600,20.41,49,500,False,USD
SRC000097,S0024,PN00033,P500,45.88,52,1,True,USD
SRC000098,S0010,PN00033,P500,48.34,47,1,False,USD
SRC000099,S0043,PN00034,P500,11.09,37,50,True,USD
SRC000100,S0043,PN00034,P200,12.29,12,1,True,USD
SRC000101,S0043,PN00034,P400,11.28,35,100,True,USD
SRC000102,S0036,PN00035,P200,14.04,37,50,True,USD
SRC000103,S0038,PN00035,P200,15.42,19,10,False,USD
SRC000104,S0036,PN00035,P500,15.79,14,500,True,USD
SRC000105,S0038,PN00035,P500,13.25,60,500,False,USD
SRC000106,S0029,PN00036,P600,47.28,50,10,True,USD
SRC000107,S0029,PN00036,P500,51.7,36,500,True,USD
SRC000108,S0008,PN00037,P100,19.41,63,1,True,USD
SRC000109,S0039,PN00037,P100,16.81,32,500,False,USD
SRC000110,S0008,PN00037,P400,19.98,51,100,True,USD
SRC000111,S0039,PN00037,P400,20.05,8,500,False,USD
SRC000112,S0008,PN00037,P500,19.6,18,50,True,USD
SRC000113,S0039,PN00037,P500,16.88,49,10,False,USD
SRC000114,S0027,PN00038,P300,24.95,14,1,True,USD
SRC000115,S0027,PN00038,P500,24.71,40,50,True,USD
SRC000116,S0020,PN00039,P500,62.8,15,50,True,USD
SRC000117,S0020,PN00039,P100,59.49,75,50,True,USD
SRC000118,S0020,PN00039,P200,63.19,40,1,True,USD
SRC000119,S0014,PN00040,P400,28.91,73,1,True,USD
SRC000120,S0014,PN00040,P100,29.39,7,1,True,USD
SRC000121,S0014,PN00040,P200,31.4,41,500,True,USD
SRC000122,S0052,PN00041,P300,22.19,17,500,True,USD
SRC000123,S0037,PN00041,P300,19.54,59,500,False,USD
SRC000124,S0052,PN00041,P200,19.76,74,100,True,USD
SRC000125,S0037,PN00041,P200,19.62,11,100,False,USD
SRC000126,S0008,PN00042,P500,13.39,12,100,True,USD
SRC000127,S0026,PN00043,P400,83.9,60,1,True,USD
SRC000128,S0026,PN00043,P600,89.72,59,10,True,USD
SRC000129,S0026,PN00044,P500,14.02,75,1,True,USD
SRC000130,S0026,PN00044,P200,13.79,17,1,True,USD
SRC000131,S0026,PN00044,P100,15.1,64,100,True,USD
SRC000132,S0047,PN00045,P500,18.73,40,100,True,USD
SRC000133,S0036,PN00046,P600,9.62,57,500,True,USD
SRC000134,S0050,PN00047,P600,242.93,75,500,True,USD
SRC000135,S0011,PN00047,P600,250.63,8,500,False,USD
SRC000136,S0026,PN00048,P200,15.12,8,500,True,USD
SRC000137,S0009,PN00048,P200,12.82,68,100,False,USD
SRC000138,S0026,PN00048,P300,13.41,71,1,True,USD
SRC000139,S0009,PN00048,P300,12.77,20,10,False,USD
SRC000140,S0034,PN00049,P200,17.42,66,100,True,USD
SRC000141,S0049,PN00049,P200,16.74,73,50,False,USD
SRC000142,S0034,PN00049,P400,17.1,73,50,True,USD
SRC000143,S0049,PN00049,P400,19.26,57,50,False,USD
SRC000144,S0034,PN00049,P300,19.51,67,1,True,USD
SRC000145,S0049,PN00049,P300,18.19,62,100,False,USD
SRC000146,S0024,PN00050,P500,54.17,65,50,True,USD
SRC000147,S0010,PN00050,P500,55.45,48,1,False,USD
SRC000148,S0024,PN00050,P100,56.93,18,500,True,USD
SRC000149,S0010,PN00050,P100,58.8,50,100,False,USD
SRC000150,S0018,PN00051,P200,10.39,65,100,True,USD
SRC000151,S0018,PN00051,P600,11.93,53,100,True,USD
SRC000152,S0018,PN00051,P400,10.42,72,10,True,USD
SRC000153,S0005,PN00052,P100,9.01,38,1,True,USD
SRC000154,S0005,PN00052,P200,8.12,56,100,True,USD
SRC000155,S0005,PN00052,P400,9.42,18,500,True,USD
SRC000156,S0045,PN00053,P400,93.26,44,10,True,USD
SRC000157,S0021,PN00053,P400,94.01,30,500,False,USD
SRC000158,S0043,PN00053,P400,95.39,45,500,False,USD
SRC000159,S0045,PN00053,P500,91.1,64,500,True,USD
SRC000160,S0021,PN00053,P500,92.93,32,500,False,USD
SRC000161,S0043,PN00053,P500,95.11,53,1,False,USD
SRC000162,S0045,PN00053,P600,96.92,74,1,True,USD
SRC000163,S0021,PN00053,P600,88.72,63,50,False,USD
SRC000164,S0043,PN00053,P600,94.76,35,500,False,USD
SRC000165,S0010,PN00054,P600,12.52,64,500,True,USD
SRC000166,S0012,PN00054,P600,11.64,33,50,False,USD
SRC000167,S0010,PN00054,P100,12.17,30,100,True,USD
SRC000168,S0012,PN00054,P100,11.98,60,500,False,USD
SRC000169,S0029,PN00055,P300,4.52,68,50,True,USD
SRC000170,S0031,PN00055,P300,5.2,66,50,False,USD
SRC000171,S0029,PN00055,P200,4.55,14,500,True,USD
SRC000172,S0031,PN00055,P200,4.65,33,50,False,USD
SRC000173,S0058,PN00056,P400,26.7,34,50,True,USD
SRC000174,S0006,PN00056,P400,27.4,69,50,False,USD
SRC000175,S0058,PN00056,P100,27.54,11,1,True,USD
SRC000176,S0006,PN00056,P100,30.17,16,10,False,USD
SRC000177,S0021,PN00057,P300,314.22,45,100,True,USD
SRC000178,S0043,PN00057,P300,279.09,63,1,False,USD
SRC000179,S0045,PN00057,P300,288.55,35,10,False,USD
SRC000180,S0019,PN00058,P400,19.06,70,10,True,USD
SRC000181,S0053,PN00058,P400,17.43,52,1,False,USD
SRC000182,S0019,PN00058,P200,19.0,37,1,True,USD
SRC000183,S0053,PN00058,P200,17.28,13,100,False,USD
SRC000184,S0050,PN00059,P400,13.44,54,100,True,USD
SRC000185,S0056,PN00060,P300,72.05,58,100,True,USD
SRC000186,S0020,PN00061,P100,26.74,70,50,True,USD
SRC000187,S0035,PN00061,P100,26.93,57,500,False,USD
SRC000188,S0032,PN00062,P100,7.83,55,100,True,USD
SRC000189,S0037,PN00062,P100,8.01,45,500,False,USD
SRC000190,S0023,PN00062,P100,8.0,63,50,False,USD
SRC000191,S0032,PN00062,P300,7.86,41,50,True,USD
SRC000192,S0037,PN00062,P300,7.67,73,1,False,USD
SRC000193,S0023,PN00062,P300,8.09,30,100,False,USD
SRC000194,S0004,PN00063,P400,105.78,46,10,True,USD
SRC000195,S0004,PN00063,P300,92.05,69,1,True,USD
SRC000196,S0004,PN00063,P200,92.5,68,10,True,USD
SRC000197,S0001,PN00064,P200,11.45,74,10,True,USD
SRC000198,S0057,PN00064,P200,10.11,59,1,False,USD
SRC000199,S0025,PN00064,P200,10.92,47,100,False,USD
SRC000200,S0001,PN00064,P400,11.03,17,50,True,USD
SRC000201,S0057,PN00064,P400,10.12,19,1,False,USD
SRC000202,S0025,PN00064,P400,10.16,7,100,False,USD
SRC000203,S0001,PN00064,P600,10.4,7,50,True,USD
SRC000204,S0057,PN00064,P600,11.58,11,10,False,USD
SRC000205,S0025,PN00064,P600,10.5,14,10,False,USD
SRC000206,S0002,PN00065,P200,25.25,57,10,True,USD
SRC000207,S0025,PN00065,P200,25.61,36,100,False,USD
SRC000208,S0022,PN00066,P100,19.29,46,100,True,USD
SRC000209,S0003,PN00066,P100,17.23,61,10,False,USD
SRC000210,S0010,PN00067,P400,9.0,55,500,True,USD
SRC000211,S0048,PN00067,P400,7.82,75,100,False,USD
SRC000212,S0010,PN00067,P300,8.62,55,1,True,USD
SRC000213,S0048,PN00067,P300,8.73,30,100,False,USD
SRC000214,S0010,PN00067,P200,9.43,20,100,True,USD
SRC000215,S0048,PN00067,P200,8.02,64,50,False,USD
SRC000216,S0046,PN00068,P100,142.22,51,1,True,USD
SRC000217,S0046,PN00068,P600,155.85,19,50,True,USD
SRC000218,S0008,PN00069,P400,27.95,49,100,True,USD
SRC000219,S0020,PN00069,P400,29.2,70,50,False,USD
SRC000220,S0047,PN00070,P200,54.56,18,500,True,USD
SRC000221,S0047,PN00070,P600,55.08,54,1,True,USD
SRC000222,S0047,PN00070,P100,61.39,71,50,True,USD
SRC000223,S0039,PN00071,P100,43.84,51,1,True,USD
SRC000224,S0039,PN00071,P600,44.43,10,500,True,USD
SRC000225,S0059,PN00072,P600,51.66,21,1,True,USD
SRC000226,S0021,PN00073,P600,101.58,69,1,True,USD
SRC000227,S0021,PN00073,P100,97.0,17,10,True,USD
SRC000228,S0035,PN00074,P300,53.58,8,100,True,USD
SRC000229,S0034,PN00075,P400,19.19,69,10,True,USD
SRC000230,S0049,PN00075,P400,17.23,42,100,False,USD
SRC000231,S0031,PN00076,P400,4.92,66,500,True,USD
SRC000232,S0031,PN00076,P300,4.18,43,1,True,USD
SRC000233,S0031,PN00076,P100,4.58,12,1,True,USD
SRC000234,S0008,PN00077,P200,25.18,58,10,True,USD
SRC000235,S0008,PN00077,P300,27.0,32,10,True,USD
SRC000236,S0039,PN00078,P500,46.88,61,1,True,USD
SRC000237,S0039,PN00078,P400,46.78,9,1,True,USD
SRC000238,S0039,PN00078,P200,53.9,67,50,True,USD
SRC000239,S0038,PN00079,P200,21.95,15,100,True,USD
SRC000240,S0038,PN00079,P600,21.0,41,500,True,USD
SRC000241,S0038,PN00079,P500,22.17,68,10,True,USD
SRC000242,S0031,PN00080,P300,30.95,45,10,True,USD
SRC000243,S0016,PN00080,P300,31.71,63,1,False,USD
SRC000244,S0031,PN00080,P600,35.08,64,500,True,USD
SRC000245,S0016,PN00080,P600,32.4,70,10,False,USD
SRC000246,S0031,PN00080,P400,32.78,42,1,True,USD
SRC000247,S0016,PN00080,P400,36.28,73,100,False,USD
SRC000248,S0034,PN00081,P100,6.19,57,50,True,USD
SRC000249,S0034,PN00081,P600,6.26,59,1,True,USD
SRC000250,S0034,PN00081,P300,5.97,33,500,True,USD
SRC000251,S0010,PN00082,P500,5.2,45,100,True,USD
SRC000252,S0010,PN00082,P100,5.78,50,100,True,USD
SRC000253,S0049,PN00083,P100,241.73,8,10,True,USD
SRC000254,S0034,PN00084,P100,157.26,61,1,True,USD
SRC000255,S0049,PN00084,P100,170.27,9,10,False,USD
SRC000256,S0049,PN00085,P300,61.03,42,50,True,USD
SRC000257,S0034,PN00085,P300,67.27,42,50,False,USD
SRC000258,S0049,PN00085,P200,57.04,74,500,True,USD
SRC000259,S0034,PN00085,P200,56.22,38,1,False,USD
SRC000260,S0047,PN00086,P300,74.14,48,500,True,USD
SRC000261,S0050,PN00086,P300,73.17,70,500,False,USD
SRC000262,S0034,PN00087,P500,127.82,10,500,True,USD
SRC000263,S0049,PN00087,P500,118.72,59,50,False,USD
SRC000264,S0034,PN00087,P400,107.98,57,10,True,USD
SRC000265,S0049,PN00087,P400,113.44,57,500,False,USD
SRC000266,S0034,PN00088,P100,161.99,60,500,True,USD
SRC000267,S0034,PN00088,P400,161.77,63,100,True,USD
SRC000268,S0034,PN00088,P600,177.33,74,1,True,USD
SRC000269,S0012,PN00089,P500,81.83,74,100,True,USD
SRC000270,S0016,PN00090,P600,51.26,31,100,True,USD
SRC000271,S0029,PN00090,P600,48.24,40,100,False,USD
SRC000272,S0031,PN00090,P600,49.97,67,1,False,USD
SRC000273,S0056,PN00091,P300,31.87,75,1,True,USD
SRC000274,S0005,PN00091,P300,33.3,8,100,False,USD
SRC000275,S0041,PN00091,P300,33.5,51,500,False,USD
SRC000276,S0038,PN00092,P600,24.85,43,1,True,USD
SRC000277,S0038,PN00092,P500,25.23,51,1,True,USD
SRC000278,S0035,PN00093,P100,6.9,59,500,True,USD
SRC000279,S0035,PN00093,P600,6.42,12,10,True,USD
SRC000280,S0013,PN00094,P300,62.0,8,100,True,USD
SRC000281,S0027,PN00094,P300,68.39,19,500,False,USD
SRC000282,S0035,PN00095,P200,13.79,62,100,True,USD
SRC000283,S0008,PN00095,P200,12.23,34,50,False,USD
SRC000284,S0035,PN00095,P300,12.4,14,500,True,USD
SRC000285,S0008,PN00095,P300,12.86,37,100,False,USD
SRC000286,S0035,PN00095,P500,13.32,73,500,True,USD
SRC000287,S0008,PN00095,P500,13.79,14,500,False,USD
SRC000288,S0010,PN00096,P400,74.37,55,10,True,USD
SRC000289,S0013,PN00097,P200,365.44,74,10,True,USD
SRC000290,S0030,PN00098,P600,85.0,73,500,True,USD
SRC000291,S0030,PN00098,P100,93.73,60,50,True,USD
SRC000292,S0030,PN00098,P300,85.06,71,1,True,USD
SRC000293,S0006,PN00099,P200,25.63,63,50,True,USD
SRC000294,S0055,PN00100,P600,23.19,74,500,True,USD
SRC000295,S0055,PN00100,P300,24.3,58,100,True,USD
SRC000296,S0055,PN00100,P400,21.9,38,50,True,USD
SRC000297,S0024,PN00101,P400,54.4,48,1,True,USD
SRC000298,S0032,PN00102,P200,4.89,75,500,True,USD
SRC000299,S0032,PN00102,P500,4.33,9,10,True,USD
SRC000300,S0009,PN00103,P300,72.85,14,50,True,USD
SRC000301,S0008,PN00104,P600,14.63,39,50,True,USD
SRC000302,S0008,PN00104,P100,13.24,40,500,True,USD
SRC000303,S0008,PN00104,P300,12.85,31,100,True,USD
SRC000304,S0002,PN00105,P100,52.46,15,500,True,USD
SRC000305,S0025,PN00105,P100,46.44,75,50,False,USD
SRC000306,S0057,PN00105,P100,47.79,48,500,False,USD
SRC000307,S0031,PN00106,P600,143.81,32,10,True,USD
SRC000308,S0029,PN00106,P600,142.36,37,50,False,USD
SRC000309,S0031,PN00106,P100,124.74,16,10,True,USD
SRC000310,S0029,PN00106,P100,136.1,35,50,False,USD
SRC000311,S0002,PN00107,P500,70.6,35,500,True,USD
SRC000312,S0002,PN00107,P200,80.23,73,1,True,USD
SRC000313,S0002,PN00107,P300,82.09,55,10,True,USD
SRC000314,S0057,PN00108,P500,13.55,75,100,True,USD
SRC000315,S0057,PN00108,P100,13.48,53,1,True,USD
SRC000316,S0057,PN00108,P300,13.25,12,50,True,USD
SRC000317,S0005,PN00109,P400,17.02,18,100,True,USD
SRC000318,S0056,PN00109,P400,19.03,56,10,False,USD
SRC000319,S0041,PN00109,P400,19.42,68,1,False,USD
SRC000320,S0005,PN00109,P600,16.94,11,100,True,USD
SRC000321,S0056,PN00109,P600,19.96,63,50,False,USD
SRC000322,S0041,PN00109,P600,16.67,67,100,False,USD
SRC000323,S0005,PN00109,P300,16.75,13,50,True,USD
SRC000324,S0056,PN00109,P300,17.91,65,100,False,USD
SRC000325,S0041,PN00109,P300,18.97,38,10,False,USD
SRC000326,S0018,PN00110,P500,47.93,49,500,True,USD
SRC000327,S0018,PN00110,P400,50.63,65,100,True,USD
SRC000328,S0003,PN00111,P300,105.59,70,100,True,USD
SRC000329,S0015,PN00112,P200,11.29,71,10,True,USD
SRC000330,S0015,PN00112,P400,9.49,47,100,True,USD
SRC000331,S0010,PN00113,P500,52.73,70,100,True,USD
SRC000332,S0024,PN00113,P500,53.75,37,50,False,USD
SRC000333,S0033,PN00113,P500,49.29,66,1,False,USD
SRC000334,S0010,PN00113,P400,52.5,40,500,True,USD
SRC000335,S0024,PN00113,P400,44.92,50,100,False,USD
SRC000336,S0033,PN00113,P400,52.82,38,50,False,USD
SRC000337,S0014,PN00114,P400,44.91,48,500,True,USD
SRC000338,S0014,PN00114,P300,50.61,34,500,True,USD
SRC000339,S0040,PN00115,P500,161.3,64,50,True,USD
SRC000340,S0046,PN00116,P600,32.87,12,10,True,USD
SRC000341,S0058,PN00116,P600,29.53,63,50,False,USD
SRC000342,S0046,PN00116,P300,31.84,14,100,True,USD
SRC000343,S0058,PN00116,P300,31.63,40,1,False,USD
SRC000344,S0046,PN00116,P100,30.84,62,10,True,USD
SRC000345,S0058,PN00116,P100,34.77,19,500,False,USD
SRC000346,S0039,PN00117,P600,34.2,21,1,True,USD
SRC000347,S0020,PN00117,P600,32.15,38,1,False,USD
SRC000348,S0039,PN00117,P500,34.62,49,50,True,USD
SRC000349,S0020,PN00117,P500,32.3,14,500,False,USD
SRC000350,S0039,PN00117,P100,34.92,51,10,True,USD
SRC000351,S0020,PN00117,P100,36.19,31,1,False,USD
SRC000352,S0023,PN00118,P200,17.76,8,100,True,USD
SRC000353,S0023,PN00118,P300,19.53,37,1,True,USD
SRC000354,S0023,PN00118,P600,17.05,60,100,True,USD
SRC000355,S0034,PN00119,P600,83.27,33,100,True,USD
SRC000356,S0015,PN00120,P100,29.48,7,1,True,USD
SRC000357,S0059,PN00121,P200,46.4,39,50,True,USD
SRC000358,S0040,PN00121,P200,55.62,12,50,False,USD
SRC000359,S0059,PN00121,P600,47.72,15,500,True,USD
SRC000360,S0040,PN00121,P600,48.53,66,1,False,USD
SRC000361,S0059,PN00121,P300,47.1,16,1,True,USD
SRC000362,S0040,PN00121,P300,51.41,75,10,False,USD
SRC000363,S0008,PN00122,P100,67.17,67,10,True,USD
SRC000364,S0020,PN00122,P100,68.16,36,10,False,USD
SRC000365,S0004,PN00122,P100,73.5,13,100,False,USD
SRC000366,S0008,PN00122,P200,65.11,44,100,True,USD
SRC000367,S0020,PN00122,P200,63.74,50,1,False,USD
SRC000368,S0004,PN00122,P200,68.51,63,10,False,USD
SRC000369,S0008,PN00122,P400,68.92,53,50,True,USD
SRC000370,S0020,PN00122,P400,69.75,32,1,False,USD
SRC000371,S0004,PN00122,P400,66.65,37,100,False,USD
SRC000372,S0050,PN00123,P300,28.25,48,100,True,USD
SRC000373,S0050,PN00123,P400,26.25,34,100,True,USD
SRC000374,S0050,PN00123,P200,30.37,12,10,True,USD
SRC000375,S0047,PN00124,P100,11.85,73,1,True,USD
SRC000376,S0047,PN00124,P400,10.92,55,100,True,USD
SRC000377,S0047,PN00124,P500,12.25,36,10,True,USD
SRC000378,S0011,PN00125,P200,29.9,55,1,True,USD
SRC000379,S0011,PN00125,P500,26.54,57,100,True,USD
SRC000380,S0060,PN00126,P300,46.59,68,100,True,USD
SRC000381,S0060,PN00126,P400,51.28,62,50,True,USD
SRC000382,S0060,PN00126,P600,43.57,59,1,True,USD
SRC000383,S0051,PN00127,P200,9.73,18,1,True,USD
SRC000384,S0051,PN00127,P600,11.41,61,1,True,USD
SRC000385,S0056,PN00128,P300,55.78,36,1,True,USD
SRC000386,S0055,PN00128,P300,56.2,63,100,False,USD
SRC000387,S0041,PN00128,P300,57.61,42,50,False,USD
SRC000388,S0056,PN00129,P500,10.76,64,500,True,USD
SRC000389,S0055,PN00129,P500,9.19,32,100,False,USD
SRC000390,S0056,PN00129,P300,10.91,37,100,True,USD
SRC000391,S0055,PN00129,P300,10.05,54,100,False,USD
SRC000392,S0009,PN00130,P500,16.56,49,10,True,USD
SRC000393,S0011,PN00131,P600,22.16,8,500,True,USD
SRC000394,S0011,PN00131,P400,22.98,17,500,True,USD
SRC000395,S0060,PN00132,P500,20.75,55,50,True,USD
SRC000396,S0038,PN00132,P500,20.7,54,500,False,USD
SRC000397,S0060,PN00132,P200,21.44,48,50,True,USD
SRC000398,S0038,PN00132,P200,18.94,16,1,False,USD
SRC000399,S0029,PN00133,P600,19.68,70,50,True,USD
SRC000400,S0029,PN00133,P500,21.19,57,50,True,USD
SRC000401,S0029,PN00134,P200,100.23,16,1,True,USD
SRC000402,S0031,PN00134,P200,105.24,34,50,False,USD
SRC000403,S0016,PN00134,P200,90.04,40,1,False,USD
SRC000404,S0029,PN00134,P600,98.13,32,100,True,USD
SRC000405,S0031,PN00134,P600,100.41,57,500,False,USD
SRC000406,S0016,PN00134,P600,97.68,56,50,False,USD
SRC000407,S0029,PN00134,P500,88.24,60,500,True,USD
SRC000408,S0031,PN00134,P500,88.28,50,100,False,USD
SRC000409,S0016,PN00134,P500,98.74,12,500,False,USD
SRC000410,S0056,PN00135,P600,60.15,51,100,True,USD
SRC000411,S0031,PN00136,P200,27.98,57,10,True,USD
SRC000412,S0031,PN00136,P500,29.1,34,500,True,USD
SRC000413,S0026,PN00137,P300,35.31,55,10,True,USD
SRC000414,S0005,PN00138,P100,5.57,66,500,True,USD
SRC000415,S0055,PN00138,P100,5.8,10,50,False,USD
SRC000416,S0005,PN00138,P500,6.16,71,50,True,USD
SRC000417,S0055,PN00138,P500,5.83,49,100,False,USD
SRC000418,S0005,PN00138,P300,6.01,12,10,True,USD
SRC000419,S0055,PN00138,P300,5.73,46,500,False,USD
SRC000420,S0058,PN00139,P100,63.54,15,10,True,USD
SRC000421,S0008,PN00140,P400,42.45,70,1,True,USD
SRC000422,S0035,PN00140,P400,39.29,12,100,False,USD
SRC000423,S0008,PN00140,P300,36.42,39,50,True,USD
SRC000424,S0035,PN00140,P300,41.76,13,50,False,USD
SRC000425,S0008,PN00140,P600,41.88,34,10,True,USD
SRC000426,S0035,PN00140,P600,41.77,11,50,False,USD
SRC000427,S0024,PN00141,P200,97.13,31,10,True,USD
SRC000428,S0012,PN00141,P200,110.36,11,100,False,USD
SRC000429,S0024,PN00141,P100,103.99,13,100,True,USD
SRC000430,S0012,PN00141,P100,107.29,32,10,False,USD
SRC000431,S0012,PN00142,P300,60.46,47,500,True,USD
SRC000432,S0001,PN00143,P400,19.27,8,50,True,USD
SRC000433,S0001,PN00143,P100,18.36,34,100,True,USD
SRC000434,S0001,PN00143,P500,19.4,72,1,True,USD
SRC000435,S0027,PN00144,P100,104.53,62,1,True,USD
SRC000436,S0060,PN00145,P300,4.99,37,50,True,USD
SRC000437,S0060,PN00145,P400,5.09,67,100,True,USD
SRC000438,S0060,PN00145,P100,5.58,18,10,True,USD
SRC000439,S0012,PN00146,P200,34.44,14,100,True,USD
SRC000440,S0048,PN00146,P200,30.02,67,1,False,USD
SRC000441,S0010,PN00146,P200,31.48,12,1,False,USD
SRC000442,S0049,PN00147,P600,79.22,39,50,True,USD
SRC000443,S0049,PN00147,P200,72.27,53,50,True,USD
SRC000444,S0005,PN00148,P600,76.43,13,50,True,USD
SRC000445,S0005,PN00148,P100,82.51,74,50,True,USD
SRC000446,S0005,PN00148,P200,86.67,73,1,True,USD
SRC000447,S0016,PN00149,P400,42.69,55,50,True,USD
SRC000448,S0016,PN00149,P100,37.97,45,50,True,USD
SRC000449,S0041,PN00150,P600,8.84,71,100,True,USD
SRC000450,S0041,PN00150,P300,8.7,47,1,True,USD
SRC000451,S0049,PN00151,P400,41.75,36,10,True,USD
SRC000452,S0034,PN00151,P400,40.4,62,1,False,USD
SRC000453,S0049,PN00151,P300,37.75,68,500,True,USD
SRC000454,S0034,PN00151,P300,40.7,59,1,False,USD
SRC000455,S0049,PN00151,P600,40.88,71,10,True,USD
SRC000456,S0034,PN00151,P600,39.87,71,10,False,USD
SRC000457,S0002,PN00152,P300,151.43,45,500,True,USD
SRC000458,S0002,PN00152,P600,170.81,71,10,True,USD
SRC000459,S0002,PN00152,P100,175.1,17,100,True,USD
SRC000460,S0042,PN00153,P600,114.86,17,500,True,USD
SRC000461,S0051,PN00153,P600,128.23,48,10,False,USD
SRC000462,S0042,PN00153,P200,110.69,53,10,True,USD
SRC000463,S0051,PN00153,P200,118.0,13,500,False,USD
SRC000464,S0007,PN00154,P600,29.56,59,10,True,USD
SRC000465,S0007,PN00154,P500,26.1,40,1,True,USD
SRC000466,S0007,PN00154,P200,26.85,57,500,True,USD
SRC000467,S0016,PN00155,P200,36.77,75,500,True,USD
SRC000468,S0016,PN00155,P500,39.24,21,100,True,USD
SRC000469,S0029,PN00156,P600,64.95,47,50,True,USD
SRC000470,S0016,PN00156,P600,72.29,54,10,False,USD
SRC000471,S0041,PN00157,P200,334.64,13,10,True,USD
SRC000472,S0041,PN00157,P300,308.67,46,10,True,USD
SRC000473,S0041,PN00157,P600,347.94,45,50,True,USD
SRC000474,S0052,PN00158,P400,42.7,12,100,True,USD
SRC000475,S0022,PN00158,P400,47.7,75,100,False,USD
SRC000476,S0058,PN00159,P100,23.72,7,50,True,USD
SRC000477,S0046,PN00159,P100,25.44,60,50,False,USD
SRC000478,S0059,PN00160,P500,130.12,55,50,True,USD
SRC000479,S0028,PN00160,P500,123.62,65,1,False,USD
SRC000480,S0051,PN00160,P500,135.34,46,10,False,USD
SRC000481,S0059,PN00160,P600,133.33,21,50,True,USD
SRC000482,S0028,PN00160,P600,143.1,9,1,False,USD
SRC000483,S0051,PN00160,P600,128.46,63,100,False,USD
SRC000484,S0007,PN00161,P100,24.98,20,50,True,USD
SRC000485,S0007,PN00161,P200,26.19,57,50,True,USD
SRC000486,S0046,PN00162,P400,36.47,14,10,True,USD
SRC000487,S0058,PN00162,P400,38.26,72,100,False,USD
SRC000488,S0053,PN00162,P400,34.53,39,1,False,USD
SRC000489,S0046,PN00162,P200,35.84,32,100,True,USD
SRC000490,S0058,PN00162,P200,36.06,75,100,False,USD
SRC000491,S0053,PN00162,P200,37.37,21,100,False,USD
SRC000492,S0017,PN00163,P500,16.32,39,1,True,USD
SRC000493,S0017,PN00163,P400,15.86,43,50,True,USD
SRC000494,S0017,PN00163,P600,15.32,40,500,True,USD
SRC000495,S0045,PN00164,P100,18.05,8,10,True,USD
SRC000496,S0021,PN00164,P100,19.31,17,1,False,USD
SRC000497,S0045,PN00164,P500,19.74,31,50,True,USD
SRC000498,S0021,PN00164,P500,19.0,73,1,False,USD
SRC000499,S0045,PN00164,P200,17.97,67,1,True,USD
SRC000500,S0021,PN00164,P200,19.56,39,1,False,USD
SRC000501,S0053,PN00165,P600,168.69,30,50,True,USD
SRC000502,S0053,PN00165,P300,180.88,71,500,True,USD
SRC000503,S0017,PN00166,P200,37.81,71,50,True,USD
SRC000504,S0035,PN00166,P200,34.07,33,1,False,USD
SRC000505,S0020,PN00166,P200,35.62,68,100,False,USD
SRC000506,S0046,PN00167,P200,45.92,55,1,True,USD
SRC000507,S0034,PN00168,P400,35.5,48,10,True,USD
SRC000508,S0018,PN00169,P600,4.8,68,10,True,USD
SRC000509,S0018,PN00169,P300,4.32,36,50,True,USD
SRC000510,S0051,PN00170,P400,5.99,68,100,True,USD
SRC000511,S0051,PN00170,P600,5.77,57,50,True,USD
SRC000512,S0044,PN00171,P100,62.12,59,10,True,USD
SRC000513,S0054,PN00171,P100,63.75,75,10,False,USD
SRC000514,S0054,PN00172,P400,39.75,60,50,True,USD
SRC000515,S0022,PN00172,P400,34.28,38,50,False,USD
SRC000516,S0023,PN00172,P400,39.28,63,100,False,USD
SRC000517,S0054,PN00172,P100,35.34,33,500,True,USD
SRC000518,S0022,PN00172,P100,33.76,32,500,False,USD
SRC000519,S0023,PN00172,P100,33.98,57,100,False,USD
SRC000520,S0049,PN00173,P300,10.16,62,1,True,USD
SRC000521,S0049,PN00173,P500,10.23,72,100,True,USD
SRC000522,S0041,PN00174,P100,7.76,75,50,True,USD
SRC000523,S0041,PN00174,P600,7.6,59,100,True,USD
SRC000524,S0015,PN00175,P200,28.3,68,50,True,USD
SRC000525,S0050,PN00175,P200,32.36,8,100,False,USD
SRC000526,S0001,PN00176,P100,67.67,60,100,True,USD
SRC000527,S0001,PN00176,P600,75.05,20,500,True,USD
SRC000528,S0032,PN00177,P600,14.09,38,1,True,USD
SRC000529,S0037,PN00177,P600,14.4,31,10,False,USD
SRC000530,S0032,PN00177,P400,16.41,43,100,True,USD
SRC000531,S0037,PN00177,P400,15.78,71,10,False,USD
SRC000532,S0032,PN00177,P300,15.14,70,500,True,USD
SRC000533,S0037,PN00177,P300,14.4,49,100,False,USD
SRC000534,S0029,PN00178,P100,68.2,39,100,True,USD
SRC000535,S0056,PN00179,P200,15.65,20,100,True,USD
SRC000536,S0005,PN00179,P200,14.08,30,1,False,USD
SRC000537,S0041,PN00179,P200,15.84,18,100,False,USD
SRC000538,S0056,PN00179,P600,16.89,61,500,True,USD
SRC000539,S0005,PN00179,P600,15.73,15,50,False,USD
SRC000540,S0041,PN00179,P600,14.04,55,100,False,USD
SRC000541,S0056,PN00179,P300,15.48,69,100,True,USD
SRC000542,S0005,PN00179,P300,14.63,7,500,False,USD
SRC000543,S0041,PN00179,P300,13.99,66,50,False,USD
SRC000544,S0046,PN00180,P100,24.01,71,50,True,USD
SRC000545,S0053,PN00180,P100,23.21,57,1,False,USD
SRC000546,S0046,PN00180,P400,21.89,18,10,True,USD
SRC000547,S0053,PN00180,P400,23.31,58,10,False,USD
SRC000548,S0048,PN00181,P300,12.08,48,100,True,USD
SRC000549,S0048,PN00181,P500,14.2,73,50,True,USD
SRC000550,S0048,PN00181,P400,13.78,40,500,True,USD
SRC000551,S0013,PN00182,P400,21.37,16,100,True,USD
SRC000552,S0013,PN00182,P200,20.93,56,100,True,USD
SRC000553,S0013,PN00182,P500,21.83,43,500,True,USD
SRC000554,S0007,PN00183,P300,29.72,41,500,True,USD
SRC000555,S0007,PN00183,P600,26.09,34,50,True,USD
SRC000556,S0058,PN00184,P100,8.21,14,50,True,USD
SRC000557,S0024,PN00185,P200,14.21,36,1,True,USD
SRC000558,S0010,PN00185,P200,15.09,14,100,False,USD
SRC000559,S0048,PN00185,P200,15.19,37,1,False,USD
SRC000560,S0024,PN00185,P500,14.69,69,1,True,USD
SRC000561,S0010,PN00185,P500,14.81,32,500,False,USD
SRC000562,S0048,PN00185,P500,12.85,70,1,False,USD
SRC000563,S0026,PN00186,P300,75.44,36,10,True,USD
SRC000564,S0021,PN00186,P300,74.24,51,10,False,USD
SRC000565,S0026,PN00186,P400,66.82,42,100,True,USD
SRC000566,S0021,PN00186,P400,78.8,30,10,False,USD
SRC000567,S0026,PN00186,P500,76.89,60,50,True,USD
SRC000568,S0021,PN00186,P500,69.14,40,1,False,USD
SRC000569,S0033,PN00187,P600,14.75,63,100,True,USD
SRC000570,S0033,PN00187,P200,16.72,9,100,True,USD
SRC000571,S0056,PN00188,P500,14.65,58,10,True,USD
SRC000572,S0056,PN00188,P300,14.19,75,500,True,USD
SRC000573,S0013,PN00189,P200,92.53,32,10,True,USD
SRC000574,S0036,PN00189,P200,109.22,33,500,False,USD
SRC000575,S0027,PN00189,P200,110.62,56,100,False,USD
SRC000576,S0013,PN00189,P400,108.89,18,500,True,USD
SRC000577,S0036,PN00189,P400,108.65,50,50,False,USD
SRC000578,S0027,PN00189,P400,91.47,11,500,False,USD
SRC000579,S0002,PN00190,P600,91.77,69,500,True,USD
SRC000580,S0025,PN00190,P600,87.84,18,50,False,USD
SRC000581,S0002,PN00190,P200,91.78,71,100,True,USD
SRC000582,S0025,PN00190,P200,89.9,49,1,False,USD
SRC000583,S0036,PN00191,P600,47.88,64,50,True,USD
SRC000584,S0036,PN00191,P200,45.01,62,500,True,USD
SRC000585,S0014,PN00192,P200,29.26,64,500,True,USD
SRC000586,S0014,PN00192,P100,25.9,20,50,True,USD
SRC000587,S0014,PN00192,P500,28.39,62,1,True,USD
SRC000588,S0029,PN00193,P500,133.23,71,1,True,USD
SRC000589,S0031,PN00193,P500,144.73,66,1,False,USD
SRC000590,S0029,PN00193,P300,144.85,45,500,True,USD
SRC000591,S0031,PN00193,P300,148.08,70,500,False,USD
SRC000592,S0029,PN00193,P100,156.07,44,50,True,USD
SRC000593,S0031,PN00193,P100,140.44,17,500,False,USD
SRC000594,S0056,PN00194,P200,16.89,10,50,True,USD
SRC000595,S0055,PN00194,P200,16.69,39,100,False,USD
SRC000596,S0056,PN00194,P100,17.92,35,1,True,USD
SRC000597,S0055,PN00194,P100,15.39,21,10,False,USD
SRC000598,S0056,PN00194,P300,16.76,58,1,True,USD
SRC000599,S0055,PN00194,P300,16.41,63,100,False,USD
SRC000600,S0050,PN00195,P500,47.69,58,100,True,USD
SRC000601,S0047,PN00195,P500,48.56,56,10,False,USD
SRC000602,S0050,PN00195,P400,43.21,38,100,True,USD
SRC000603,S0047,PN00195,P400,48.37,38,500,False,USD
SRC000604,S0016,PN00196,P400,35.46,65,50,True,USD
SRC000605,S0031,PN00196,P400,36.62,37,500,False,USD
SRC000606,S0016,PN00196,P100,36.16,37,1,True,USD
SRC000607,S0031,PN00196,P100,32.96,11,1,False,USD
SRC000608,S0001,PN00197,P300,266.87,14,1,True,USD
SRC000609,S0001,PN00197,P600,293.43,9,500,True,USD
SRC000610,S0017,PN00198,P200,33.37,61,1,True,USD
SRC000611,S0017,PN00198,P600,29.08,52,1,True,USD
SRC000612,S0044,PN00199,P300,199.74,54,100,True,USD
SRC000613,S0052,PN00199,P300,197.35,20,500,False,USD
SRC000614,S0044,PN00199,P500,171.87,9,500,True,USD
SRC000615,S0052,PN00199,P500,190.16,58,100,False,USD
SRC000616,S0044,PN00199,P400,172.45,50,1,True,USD
SRC000617,S0052,PN00199,P400,196.09,17,500,False,USD
SRC000618,S0011,PN00200,P300,24.33,17,100,True,USD
SRC000619,S0011,PN00200,P500,27.95,71,1,True,USD
SRC000620,S0003,PN00201,P600,27.28,69,500,True,USD
SRC000621,S0032,PN00201,P600,29.47,33,500,False,USD
SRC000622,S0003,PN00201,P100,29.15,60,500,True,USD
SRC000623,S0032,PN00201,P100,31.29,37,500,False,USD
SRC000624,S0003,PN00201,P500,27.21,31,50,True,USD
SRC000625,S0032,PN00201,P500,30.66,10,500,False,USD
SRC000626,S0057,PN00202,P300,65.36,21,1,True,USD
SRC000627,S0057,PN00202,P400,63.42,9,100,True,USD
SRC000628,S0057,PN00202,P100,59.36,63,50,True,USD
SRC000629,S0009,PN00203,P100,38.85,48,10,True,USD
SRC000630,S0009,PN00204,P300,108.39,17,10,True,USD
SRC000631,S0014,PN00205,P100,5.97,11,100,True,USD
SRC000632,S0040,PN00206,P300,72.84,37,1,True,USD
SRC000633,S0040,PN00206,P600,70.31,68,500,True,USD
SRC000634,S0045,PN00207,P400,141.6,59,500,True,USD
SRC000635,S0045,PN00207,P100,152.12,14,1,True,USD
SRC000636,S0045,PN00207,P300,152.14,44,1,True,USD
SRC000637,S0050,PN00208,P100,50.66,56,100,True,USD
SRC000638,S0050,PN00208,P200,48.38,17,500,True,USD
SRC000639,S0050,PN00208,P500,49.62,39,50,True,USD
SRC000640,S0034,PN00209,P500,22.49,21,500,True,USD
SRC000641,S0007,PN00210,P500,36.33,40,1,True,USD
SRC000642,S0007,PN00210,P300,32.23,60,50,True,USD
SRC000643,S0031,PN00211,P600,30.2,62,50,True,USD
SRC000644,S0029,PN00211,P600,27.06,64,500,False,USD
SRC000645,S0031,PN00211,P200,27.2,35,100,True,USD
SRC000646,S0029,PN00211,P200,30.86,20,10,False,USD
SRC000647,S0036,PN00212,P500,8.2,19,50,True,USD
SRC000648,S0038,PN00212,P500,8.81,51,50,False,USD
SRC000649,S0035,PN00213,P600,181.19,12,10,True,USD
SRC000650,S0018,PN00213,P600,164.21,68,50,False,USD
SRC000651,S0017,PN00213,P600,149.8,74,10,False,USD
SRC000652,S0005,PN00214,P100,24.47,56,500,True,USD
SRC000653,S0055,PN00214,P100,25.5,18,100,False,USD
SRC000654,S0005,PN00214,P600,24.88,15,1,True,USD
SRC000655,S0055,PN00214,P600,25.0,71,1,False,USD
SRC000656,S0047,PN00215,P100,8.12,52,100,True,USD
SRC000657,S0047,PN00215,P300,7.15,74,1,True,USD
SRC000658,S0047,PN00215,P400,7.07,53,10,True,USD
SRC000659,S0040,PN00216,P100,24.26,69,50,True,USD
SRC000660,S0040,PN00216,P300,27.39,44,10,True,USD
SRC000661,S0040,PN00216,P500,28.26,53,1,True,USD
SRC000662,S0041,PN00217,P200,163.09,17,100,True,USD
SRC000663,S0046,PN00218,P500,102.8,72,500,True,USD
SRC000664,S0046,PN00218,P400,105.2,16,500,True,USD
SRC000665,S0046,PN00218,P200,95.29,67,10,True,USD
SRC000666,S0021,PN00219,P200,119.47,73,1,True,USD
SRC000667,S0026,PN00219,P200,139.42,18,500,False,USD
SRC000668,S0021,PN00219,P500,130.01,73,500,True,USD
SRC000669,S0026,PN00219,P500,136.7,30,100,False,USD
SRC000670,S0021,PN00219,P300,130.67,71,1,True,USD
SRC000671,S0026,PN00219,P300,135.98,50,100,False,USD
SRC000672,S0053,PN00220,P600,6.57,61,50,True,USD
SRC000673,S0046,PN00220,P600,6.57,7,10,False,USD
SRC000674,S0025,PN00221,P400,47.09,12,1,True,USD
SRC000675,S0025,PN00221,P300,51.7,19,1,True,USD
SRC000676,S0025,PN00221,P100,52.74,44,100,True,USD
SRC000677,S0016,PN00222,P300,74.54,36,1,True,USD
SRC000678,S0031,PN00222,P300,72.46,31,500,False,USD
SRC000679,S0029,PN00222,P300,76.99,51,50,False,USD
SRC000680,S0016,PN00222,P100,69.14,60,10,True,USD
SRC000681,S0031,PN00222,P100,79.29,20,1,False,USD
SRC000682,S0029,PN00222,P100,77.33,63,10,False,USD
SRC000683,S0056,PN00223,P100,8.42,54,50,True,USD
SRC000684,S0005,PN00223,P100,8.38,74,1,False,USD
SRC000685,S0041,PN00223,P100,8.21,33,100,False,USD
SRC000686,S0056,PN00223,P600,7.1,69,100,True,USD
SRC000687,S0005,PN00223,P600,7.12,17,1,False,USD
SRC000688,S0041,PN00223,P600,7.87,48,100,False,USD
SRC000689,S0056,PN00223,P500,7.63,69,100,True,USD
SRC000690,S0005,PN00223,P500,7.38,68,500,False,USD
SRC000691,S0041,PN00223,P500,7.04,54,100,False,USD
SRC000692,S0048,PN00224,P600,31.85,51,500,True,USD
SRC000693,S0010,PN00224,P600,30.2,36,1,False,USD
SRC000694,S0048,PN00224,P100,32.74,8,500,True,USD
SRC000695,S0010,PN00224,P100,33.96,42,500,False,USD
SRC000696,S0048,PN00225,P300,11.45,69,100,True,USD
SRC000697,S0048,PN00225,P400,10.79,38,1,True,USD
SRC000698,S0042,PN00226,P400,13.38,21,500,True,USD
SRC000699,S0042,PN00226,P500,14.64,39,100,True,USD
SRC000700,S0042,PN00226,P300,13.37,12,50,True,USD
SRC000701,S0034,PN00227,P500,92.03,20,500,True,USD
SRC000702,S0034,PN00227,P200,103.85,57,50,True,USD
SRC000703,S0034,PN00227,P100,91.23,42,10,True,USD
SRC000704,S0042,PN00228,P400,7.32,16,50,True,USD
SRC000705,S0040,PN00228,P400,7.0,56,50,False,USD
SRC000706,S0042,PN00228,P600,6.39,14,1,True,USD
SRC000707,S0040,PN00228,P600,6.84,30,10,False,USD
SRC000708,S0042,PN00228,P300,7.1,14,500,True,USD
SRC000709,S0040,PN00228,P300,6.46,60,50,False,USD
SRC000710,S0049,PN00229,P200,60.11,34,50,True,USD
SRC000711,S0034,PN00229,P200,56.08,37,10,False,USD
SRC000712,S0049,PN00229,P100,59.23,10,500,True,USD
SRC000713,S0034,PN00229,P100,66.77,53,1,False,USD
SRC000714,S0040,PN00230,P200,51.12,18,10,True,USD
SRC000715,S0059,PN00230,P200,46.04,65,10,False,USD
SRC000716,S0051,PN00230,P200,44.54,7,10,False,USD
SRC000717,S0006,PN00231,P200,15.79,43,50,True,USD
SRC000718,S0058,PN00231,P200,16.17,53,50,False,USD
SRC000719,S0006,PN00231,P400,16.82,63,500,True,USD
SRC000720,S0058,PN00231,P400,17.53,75,1,False,USD
SRC000721,S0006,PN00231,P100,15.09,21,10,True,USD
SRC000722,S0058,PN00231,P100,17.25,10,500,False,USD
SRC000723,S0049,PN00232,P500,101.0,45,1,True,USD
SRC000724,S0049,PN00232,P400,97.13,67,10,True,USD
SRC000725,S0024,PN00233,P200,19.91,47,10,True,USD
SRC000726,S0012,PN00233,P200,20.76,16,100,False,USD
SRC000727,S0024,PN00233,P100,18.31,8,100,True,USD
SRC000728,S0012,PN00233,P100,20.53,69,1,False,USD
SRC000729,S0051,PN00234,P500,47.28,41,50,True,USD
SRC000730,S0051,PN00234,P300,49.07,63,100,True,USD
SRC000731,S0051,PN00234,P400,49.1,61,100,True,USD
SRC000732,S0025,PN00235,P500,26.02,42,100,True,USD
SRC000733,S0025,PN00235,P100,29.49,55,10,True,USD
SRC000734,S0025,PN00235,P200,26.48,54,500,True,USD
SRC000735,S0037,PN00236,P500,37.61,35,50,True,USD
SRC000736,S0037,PN00236,P100,40.07,52,10,True,USD
SRC000737,S0029,PN00237,P400,21.94,53,100,True,USD
SRC000738,S0031,PN00237,P400,21.44,54,1,False,USD
SRC000739,S0029,PN00237,P600,20.84,44,50,True,USD
SRC000740,S0031,PN00237,P600,22.87,52,1,False,USD
SRC000741,S0005,PN00238,P200,15.86,53,1,True,USD
SRC000742,S0005,PN00238,P100,17.3,51,10,True,USD
SRC000743,S0032,PN00239,P600,15.33,38,500,True,USD
SRC000744,S0054,PN00239,P600,15.93,30,50,False,USD
SRC000745,S0032,PN00239,P300,14.11,52,100,True,USD
SRC000746,S0054,PN00239,P300,16.03,67,1,False,USD
SRC000747,S0032,PN00239,P200,14.66,62,10,True,USD
SRC000748,S0054,PN00239,P200,15.8,10,10,False,USD
SRC000749,S0016,PN00240,P500,48.48,15,100,True,USD
SRC000750,S0029,PN00240,P500,49.74,59,50,False,USD
SRC000751,S0014,PN00241,P600,33.01,58,500,True,USD
SRC000752,S0002,PN00241,P600,31.78,38,500,False,USD
SRC000753,S0014,PN00241,P400,37.57,49,1,True,USD
SRC000754,S0002,PN00241,P400,35.01,72,50,False,USD
SRC000755,S0038,PN00242,P600,70.17,74,500,True,USD
SRC000756,S0038,PN00242,P400,64.11,67,1,True,USD
SRC000757,S0013,PN00243,P300,58.9,19,500,True,USD
SRC000758,S0027,PN00243,P300,62.83,16,100,False,USD
SRC000759,S0034,PN00244,P500,70.68,14,1,True,USD
SRC000760,S0049,PN00244,P500,69.86,58,50,False,USD
SRC000761,S0001,PN00245,P500,1.04,68,100,True,USD
SRC000762,S0001,PN00245,P200,0.89,42,1,True,USD
SRC000763,S0001,PN00245,P100,1.06,54,50,True,USD
SRC000764,S0015,PN00246,P500,7.4,63,1,True,USD
SRC000765,S0015,PN00246,P100,7.58,20,100,True,USD
SRC000766,S0015,PN00246,P400,7.93,37,10,True,USD
SRC000767,S0053,PN00247,P100,5.79,43,50,True,USD
SRC000768,S0053,PN00247,P400,6.16,75,100,True,USD
SRC000769,S0053,PN00247,P200,5.82,16,50,True,USD
SRC000770,S0058,PN00248,P200,136.03,58,1,True,USD
SRC000771,S0053,PN00248,P200,131.98,16,10,False,USD
SRC000772,S0058,PN00248,P100,124.71,21,500,True,USD
SRC000773,S0053,PN00248,P100,133.31,59,100,False,USD
SRC000774,S0005,PN00249,P400,29.14,20,10,True,USD
SRC000775,S0041,PN00249,P400,29.28,41,500,False,USD
SRC000776,S0005,PN00249,P300,31.14,14,100,True,USD
SRC000777,S0041,PN00249,P300,32.17,41,500,False,USD
SRC000778,S0005,PN00249,P500,27.41,74,1,True,USD
SRC000779,S0041,PN00249,P500,28.25,40,50,False,USD
SRC000780,S0057,PN00250,P100,10.64,65,1,True,USD
SRC000781,S0014,PN00250,P100,11.88,8,1,False,USD
SRC000782,S0057,PN00250,P200,10.84,50,100,True,USD
SRC000783,S0014,PN00250,P200,10.73,46,10,False,USD
SRC000784,S0057,PN00250,P400,10.85,14,1,True,USD
SRC000785,S0014,PN00250,P400,9.93,74,100,False,USD
SRC000786,S0035,PN00251,P200,25.47,46,1,True,USD
SRC000787,S0035,PN00251,P400,29.16,9,50,True,USD
SRC000788,S0047,PN00252,P100,60.13,45,100,True,USD
SRC000789,S0050,PN00252,P100,55.37,47,10,False,USD
SRC000790,S0047,PN00252,P600,55.72,31,500,True,USD
SRC000791,S0050,PN00252,P600,54.9,48,1,False,USD
SRC000792,S0049,PN00253,P100,19.29,7,50,True,USD
SRC000793,S0042,PN00254,P200,31.48,73,500,True,USD
SRC000794,S0006,PN00255,P500,87.24,58,1,True,USD
SRC000795,S0006,PN00255,P100,85.72,7,100,True,USD
SRC000796,S0006,PN00255,P400,88.5,45,50,True,USD
SRC000797,S0027,PN00256,P100,17.62,42,1,True,USD
SRC000798,S0013,PN00256,P100,17.2,36,10,False,USD
SRC000799,S0038,PN00256,P100,19.0,32,100,False,USD
SRC000800,S0027,PN00256,P600,18.24,20,50,True,USD
SRC000801,S0013,PN00256,P600,17.56,17,10,False,USD
SRC000802,S0038,PN00256,P600,18.64,64,100,False,USD
SRC000803,S0006,PN00257,P300,36.77,30,100,True,USD
SRC000804,S0019,PN00257,P300,39.24,30,100,False,USD
SRC000805,S0058,PN00257,P300,35.94,44,1,False,USD
SRC000806,S0055,PN00258,P300,36.58,56,50,True,USD
SRC000807,S0056,PN00258,P300,35.79,61,1,False,USD
SRC000808,S0055,PN00258,P100,35.42,19,500,True,USD
SRC000809,S0056,PN00258,P100,31.82,36,500,False,USD
SRC000810,S0055,PN00258,P500,32.84,70,100,True,USD
SRC000811,S0056,PN00258,P500,35.19,74,10,False,USD
SRC000812,S0036,PN00259,P400,37.98,67,100,True,USD
SRC000813,S0036,PN00259,P100,40.98,70,10,True,USD
SRC000814,S0036,PN00259,P300,41.97,75,1,True,USD
SRC000815,S0031,PN00260,P300,70.63,57,10,True,USD
SRC000816,S0004,PN00261,P400,40.83,54,10,True,USD
SRC000817,S0008,PN00261,P400,44.57,45,500,False,USD
SRC000818,S0004,PN00261,P300,47.51,58,50,True,USD
SRC000819,S0008,PN00261,P300,40.25,50,1,False,USD
SRC000820,S0025,PN00262,P300,5.34,12,50,True,USD
SRC000821,S0025,PN00262,P100,4.75,64,1,True,USD
SRC000822,S0025,PN00262,P200,5.4,72,10,True,USD
SRC000823,S0012,PN00263,P300,24.85,34,100,True,USD
SRC000824,S0033,PN00263,P300,22.19,42,1,False,USD
SRC000825,S0012,PN00263,P200,24.87,9,10,True,USD
SRC000826,S0033,PN00263,P200,22.46,9,500,False,USD
SRC000827,S0012,PN00263,P400,24.47,43,10,True,USD
SRC000828,S0033,PN00263,P400,24.27,57,100,False,USD
SRC000829,S0002,PN00264,P400,111.67,45,50,True,USD
SRC000830,S0033,PN00265,P200,62.91,12,100,True,USD
SRC000831,S0033,PN00265,P300,66.91,60,100,True,USD
SRC000832,S0033,PN00265,P400,67.52,69,100,True,USD
SRC000833,S0056,PN00266,P400,66.9,49,500,True,USD
SRC000834,S0005,PN00266,P400,64.13,15,10,False,USD
SRC000835,S0056,PN00266,P100,60.64,59,50,True,USD
SRC000836,S0005,PN00266,P100,63.09,54,500,False,USD
SRC000837,S0016,PN00267,P600,118.99,39,10,True,USD
SRC000838,S0029,PN00267,P600,108.07,62,50,False,USD
SRC000839,S0043,PN00268,P600,271.01,49,500,True,USD
SRC000840,S0043,PN00268,P300,254.0,32,1,True,USD
SRC000841,S0060,PN00269,P200,206.69,46,50,True,USD
SRC000842,S0043,PN00270,P600,95.44,57,10,True,USD
SRC000843,S0043,PN00270,P300,88.01,32,50,True,USD
SRC000844,S0043,PN00270,P100,95.08,73,1,True,USD
SRC000845,S0012,PN00271,P400,21.17,67,10,True,USD
SRC000846,S0024,PN00271,P400,20.15,35,100,False,USD
SRC000847,S0012,PN00271,P200,21.83,16,1,True,USD
SRC000848,S0024,PN00271,P200,22.36,42,100,False,USD
SRC000849,S0012,PN00271,P300,20.82,57,50,True,USD
SRC000850,S0024,PN00271,P300,23.11,62,500,False,USD
SRC000851,S0018,PN00272,P600,14.32,35,1,True,USD
SRC000852,S0020,PN00272,P600,14.01,52,10,False,USD
SRC000853,S0018,PN00272,P400,13.03,43,100,True,USD
SRC000854,S0020,PN00272,P400,14.18,30,10,False,USD
SRC000855,S0009,PN00273,P600,61.59,13,50,True,USD
SRC000856,S0045,PN00273,P600,65.46,40,10,False,USD
SRC000857,S0034,PN00274,P400,22.34,37,100,True,USD
SRC000858,S0041,PN00275,P100,41.89,42,50,True,USD
SRC000859,S0005,PN00275,P100,43.71,56,100,False,USD
SRC000860,S0059,PN00276,P200,38.47,37,50,True,USD
SRC000861,S0028,PN00276,P200,38.29,31,500,False,USD
SRC000862,S0059,PN00276,P100,39.69,61,1,True,USD
SRC000863,S0028,PN00276,P100,37.84,47,1,False,USD
SRC000864,S0059,PN00276,P300,43.23,19,1,True,USD
SRC000865,S0028,PN00276,P300,38.56,15,1,False,USD
SRC000866,S0057,PN00277,P400,20.56,16,100,True,USD
SRC000867,S0057,PN00277,P600,18.95,17,50,True,USD
SRC000868,S0039,PN00278,P400,105.38,20,50,True,USD
SRC000869,S0008,PN00278,P400,102.19,30,100,False,USD
SRC000870,S0017,PN00278,P400,103.4,55,10,False,USD
SRC000871,S0039,PN00278,P600,87.43,8,500,True,USD
SRC000872,S0008,PN00278,P600,92.23,74,10,False,USD
SRC000873,S0017,PN00278,P600,93.91,69,100,False,USD
SRC000874,S0039,PN00278,P100,96.68,72,10,True,USD
SRC000875,S0008,PN00278,P100,87.01,70,50,False,USD
SRC000876,S0017,PN00278,P100,87.26,12,1,False,USD
SRC000877,S0036,PN00279,P400,37.32,60,1,True,USD
SRC000878,S0038,PN00279,P400,40.23,48,500,False,USD
SRC000879,S0013,PN00279,P400,36.16,9,500,False,USD
SRC000880,S0036,PN00279,P600,41.3,75,500,True,USD
SRC000881,S0038,PN00279,P600,34.93,61,1,False,USD
SRC000882,S0013,PN00279,P600,36.97,17,500,False,USD
SRC000883,S0036,PN00279,P100,42.14,59,10,True,USD
SRC000884,S0038,PN00279,P100,41.45,37,100,False,USD
SRC000885,S0013,PN00279,P100,39.69,45,10,False,USD
SRC000886,S0034,PN00280,P400,66.0,31,10,True,USD
SRC000887,S0014,PN00281,P600,9.36,60,1,True,USD
SRC000888,S0025,PN00281,P600,10.14,21,500,False,USD
SRC000889,S0002,PN00281,P600,10.08,61,1,False,USD
SRC000890,S0024,PN00282,P500,10.84,75,100,True,USD
SRC000891,S0012,PN00282,P500,11.44,65,100,False,USD
SRC000892,S0024,PN00282,P100,11.78,10,50,True,USD
SRC000893,S0012,PN00282,P100,10.27,35,1,False,USD
SRC000894,S0024,PN00282,P300,10.21,67,10,True,USD
SRC000895,S0012,PN00282,P300,11.64,37,500,False,USD
SRC000896,S0014,PN00283,P500,6.59,67,500,True,USD
SRC000897,S0014,PN00283,P100,6.43,13,100,True,USD
SRC000898,S0029,PN00284,P200,48.51,7,500,True,USD
SRC000899,S0029,PN00284,P500,56.19,50,10,True,USD
SRC000900,S0029,PN00284,P600,55.82,48,10,True,USD
SRC000901,S0025,PN00285,P500,171.29,72,1,True,USD
SRC000902,S0036,PN00286,P600,22.77,43,100,True,USD
SRC000903,S0013,PN00286,P600,21.93,13,1,False,USD
SRC000904,S0036,PN00286,P500,25.03,12,10,True,USD
SRC000905,S0013,PN00286,P500,24.34,43,10,False,USD
SRC000906,S0028,PN00287,P600,45.85,20,10,True,USD
SRC000907,S0040,PN00287,P600,52.32,65,100,False,USD
SRC000908,S0028,PN00287,P400,46.2,17,100,True,USD
SRC000909,S0040,PN00287,P400,52.31,55,100,False,USD
SRC000910,S0035,PN00288,P300,21.96,15,100,True,USD
SRC000911,S0035,PN00288,P200,19.46,50,500,True,USD
SRC000912,S0009,PN00289,P600,68.51,14,100,True,USD
SRC000913,S0026,PN00289,P600,64.73,39,10,False,USD
SRC000914,S0009,PN00289,P200,63.76,42,1,True,USD
SRC000915,S0026,PN00289,P200,65.67,20,500,False,USD
SRC000916,S0019,PN00290,P400,204.12,36,50,True,USD
SRC000917,S0019,PN00290,P200,205.9,41,1,True,USD
SRC000918,S0031,PN00291,P300,37.4,70,100,True,USD
SRC000919,S0031,PN00291,P500,32.53,37,10,True,USD
SRC000920,S0031,PN00291,P400,33.55,49,500,True,USD
SRC000921,S0043,PN00292,P400,9.86,37,1,True,USD
SRC000922,S0009,PN00292,P400,9.29,14,500,False,USD
SRC000923,S0021,PN00292,P400,9.57,67,500,False,USD
SRC000924,S0043,PN00292,P300,11.09,60,50,True,USD
SRC000925,S0009,PN00292,P300,10.5,8,500,False,USD
SRC000926,S0021,PN00292,P300,9.49,60,100,False,USD
SRC000927,S0043,PN00292,P600,9.72,38,1,True,USD
SRC000928,S0009,PN00292,P600,9.77,18,500,False,USD
SRC000929,S0021,PN00292,P600,9.49,74,1,False,USD
SRC000930,S0057,PN00293,P400,53.43,10,1,True,USD
SRC000931,S0057,PN00293,P100,47.71,68,10,True,USD
SRC000932,S0057,PN00293,P500,45.96,58,50,True,USD
SRC000933,S0011,PN00294,P200,25.12,32,1,True,USD
SRC000934,S0011,PN00294,P600,27.15,15,50,True,USD
SRC000935,S0011,PN00294,P100,24.15,64,10,True,USD
SRC000936,S0005,PN00295,P300,56.69,15,50,True,USD
SRC000937,S0052,PN00296,P400,62.47,15,10,True,USD
SRC000938,S0023,PN00296,P400,63.46,72,1,False,USD
SRC000939,S0052,PN00296,P300,58.05,10,10,True,USD
SRC000940,S0023,PN00296,P300,58.8,43,10,False,USD
SRC000941,S0052,PN00296,P500,62.43,43,500,True,USD
SRC000942,S0023,PN00296,P500,59.51,38,500,False,USD
SRC000943,S0055,PN00297,P400,70.36,35,50,True,USD
SRC000944,S0055,PN00297,P200,74.25,74,10,True,USD
SRC000945,S0013,PN00298,P600,198.59,16,500,True,USD
SRC000946,S0013,PN00298,P300,194.5,13,10,True,USD
SRC000947,S0013,PN00298,P200,183.71,57,100,True,USD
SRC000948,S0020,PN00299,P100,41.81,64,1,True,USD
SRC000949,S0051,PN00300,P600,21.71,51,50,True,USD
SRC000950,S0028,PN00300,P600,20.76,19,10,False,USD
SRC000951,S0051,PN00300,P100,21.32,36,100,True,USD
SRC000952,S0028,PN00300,P100,24.4,44,100,False,USD
SRC000953,S0005,PN00301,P400,27.56,20,50,True,USD
SRC000954,S0056,PN00301,P400,26.79,68,1,False,USD
SRC000955,S0041,PN00301,P400,28.58,40,50,False,USD
SRC000956,S0005,PN00301,P100,28.84,54,10,True,USD
SRC000957,S0056,PN00301,P100,25.71,73,500,False,USD
SRC000958,S0041,PN00301,P100,26.79,55,100,False,USD
SRC000959,S0005,PN00301,P300,27.0,11,1,True,USD
SRC000960,S0056,PN00301,P300,27.49,75,10,False,USD
SRC000961,S0041,PN00301,P300,27.34,39,100,False,USD
SRC000962,S0046,PN00302,P600,18.77,13,100,True,USD
SRC000963,S0006,PN00302,P600,17.01,52,100,False,USD
SRC000964,S0046,PN00302,P300,18.14,11,100,True,USD
SRC000965,S0006,PN00302,P300,18.21,75,10,False,USD
SRC000966,S0046,PN00302,P200,17.44,35,50,True,USD
SRC000967,S0006,PN00302,P200,17.8,50,1,False,USD
SRC000968,S0028,PN00303,P200,24.23,35,50,True,USD
SRC000969,S0040,PN00303,P200,24.13,14,1,False,USD
SRC000970,S0038,PN00304,P500,84.26,55,1,True,USD
SRC000971,S0027,PN00304,P500,82.96,30,100,False,USD
SRC000972,S0060,PN00304,P500,84.33,52,10,False,USD
SRC000973,S0038,PN00304,P600,88.97,72,500,True,USD
SRC000974,S0027,PN00304,P600,84.04,7,500,False,USD
SRC000975,S0060,PN00304,P600,80.29,40,500,False,USD
SRC000976,S0027,PN00305,P500,9.83,33,100,True,USD
SRC000977,S0013,PN00305,P500,10.11,40,50,False,USD
SRC000978,S0060,PN00305,P500,11.05,51,10,False,USD
SRC000979,S0028,PN00306,P400,422.71,7,500,True,USD
SRC000980,S0042,PN00306,P400,433.91,21,50,False,USD
SRC000981,S0028,PN00306,P300,480.44,17,500,True,USD
SRC000982,S0042,PN00306,P300,471.45,7,100,False,USD
SRC000983,S0047,PN00307,P100,23.25,49,50,True,USD
SRC000984,S0007,PN00307,P100,21.62,12,10,False,USD
SRC000985,S0047,PN00307,P500,22.98,30,1,True,USD
SRC000986,S0007,PN00307,P500,23.11,42,1,False,USD
SRC000987,S0021,PN00308,P100,21.73,19,50,True,USD
SRC000988,S0021,PN00308,P400,22.76,55,50,True,USD
SRC000989,S0025,PN00309,P500,11.67,36,100,True,USD
SRC000990,S0049,PN00310,P300,37.39,30,50,True,USD
SRC000991,S0034,PN00310,P300,38.34,75,10,False,USD
SRC000992,S0024,PN00311,P200,8.39,51,1,True,USD
SRC000993,S0016,PN00312,P600,33.63,61,500,True,USD
SRC000994,S0016,PN00312,P300,36.31,73,10,True,USD
SRC000995,S0049,PN00313,P600,31.48,36,1,True,USD
SRC000996,S0049,PN00313,P400,31.59,52,500,True,USD
SRC000997,S0049,PN00313,P200,30.84,73,10,True,USD
SRC000998,S0037,PN00314,P500,74.36,48,50,True,USD
SRC000999,S0037,PN00314,P100,75.12,57,10,True,USD
SRC001000,S0060,PN00315,P300,33.75,46,10,True,USD
SRC001001,S0027,PN00315,P300,33.11,13,10,False,USD
SRC001002,S0005,PN00316,P600,57.36,20,500,True,USD
SRC001003,S0005,PN00316,P500,62.63,39,10,True,USD
SRC001004,S0005,PN00316,P200,56.54,55,1,True,USD
SRC001005,S0034,PN00317,P400,70.99,42,1,True,USD
SRC001006,S0049,PN00318,P300,60.87,60,1,True,USD
SRC001007,S0034,PN00318,P300,63.01,71,1,False,USD
SRC001008,S0049,PN00318,P200,60.48,47,50,True,USD
SRC001009,S0034,PN00318,P200,60.19,52,100,False,USD
SRC001010,S0049,PN00318,P500,59.77,33,10,True,USD
SRC001011,S0034,PN00318,P500,57.23,7,50,False,USD
SRC001012,S0051,PN00319,P500,27.28,46,100,True,USD
SRC001013,S0051,PN00319,P100,26.91,49,1,True,USD
SRC001014,S0013,PN00320,P500,21.46,53,500,True,USD
SRC001015,S0013,PN00320,P200,22.19,53,10,True,USD
SRC001016,S0013,PN00320,P300,22.71,10,500,True,USD
SRC001017,S0016,PN00321,P600,6.1,37,1,True,USD
SRC001018,S0035,PN00322,P600,64.74,8,1,True,USD
SRC001019,S0008,PN00322,P600,71.1,69,50,False,USD
SRC001020,S0043,PN00323,P500,152.53,32,10,True,USD
SRC001021,S0057,PN00324,P300,25.6,14,1,True,USD
SRC001022,S0057,PN00324,P500,25.67,34,100,True,USD
SRC001023,S0057,PN00324,P600,23.38,21,500,True,USD
SRC001024,S0016,PN00325,P200,31.37,33,10,True,USD
SRC001025,S0029,PN00325,P200,30.15,13,100,False,USD
SRC001026,S0016,PN00325,P300,29.84,62,1,True,USD
SRC001027,S0029,PN00325,P300,26.91,62,100,False,USD
SRC001028,S0016,PN00325,P100,29.15,54,100,True,USD
SRC001029,S0029,PN00325,P100,29.4,43,10,False,USD
SRC001030,S0031,PN00326,P500,47.46,62,100,True,USD
SRC001031,S0035,PN00327,P300,70.97,11,500,True,USD
SRC001032,S0035,PN00327,P600,68.4,10,1,True,USD
SRC001033,S0035,PN00327,P200,74.41,48,1,True,USD
SRC001034,S0026,PN00328,P100,8.82,43,500,True,USD
SRC001035,S0021,PN00328,P100,7.44,17,50,False,USD
SRC001036,S0026,PN00328,P200,8.26,12,50,True,USD
SRC001037,S0021,PN00328,P200,7.39,75,500,False,USD
SRC001038,S0019,PN00329,P500,26.26,7,1,True,USD
SRC001039,S0019,PN00329,P300,28.92,44,50,True,USD
SRC001040,S0001,PN00330,P600,8.81,18,100,True,USD
SRC001041,S0001,PN00330,P500,9.18,46,500,True,USD
SRC001042,S0001,PN00330,P100,8.53,58,10,True,USD
SRC001043,S0040,PN00331,P600,16.9,57,50,True,USD
SRC001044,S0040,PN00331,P400,15.91,60,1,True,USD
SRC001045,S0040,PN00331,P200,17.07,14,10,True,USD
SRC001046,S0034,PN00332,P400,74.1,40,10,True,USD
SRC001047,S0049,PN00332,P400,86.88,73,500,False,USD
SRC001048,S0034,PN00332,P200,76.78,39,1,True,USD
SRC001049,S0049,PN00332,P200,80.6,59,100,False,USD
SRC001050,S0034,PN00332,P300,75.37,63,10,True,USD
SRC001051,S0049,PN00332,P300,85.42,30,500,False,USD
SRC001052,S0049,PN00333,P100,9.56,19,1,True,USD
SRC001053,S0010,PN00334,P200,260.81,7,1,True,USD
SRC001054,S0010,PN00334,P500,290.71,51,1,True,USD
SRC001055,S0053,PN00335,P400,14.65,39,10,True,USD
SRC001056,S0053,PN00335,P200,13.83,18,50,True,USD
SRC001057,S0053,PN00335,P300,15.53,37,1,True,USD
SRC001058,S0007,PN00336,P500,10.4,56,10,True,USD
SRC001059,S0015,PN00336,P500,8.72,44,1,False,USD
SRC001060,S0033,PN00337,P300,51.83,44,100,True,USD
SRC001061,S0006,PN00338,P100,22.37,11,50,True,USD
SRC001062,S0053,PN00338,P100,21.68,51,1,False,USD
SRC001063,S0010,PN00339,P500,6.6,57,500,True,USD
SRC001064,S0041,PN00340,P400,111.89,48,50,True,USD
SRC001065,S0041,PN00340,P200,117.26,11,100,True,USD
SRC001066,S0041,PN00340,P300,112.69,46,1,True,USD
SRC001067,S0016,PN00341,P200,12.07,60,1,True,USD
SRC001068,S0031,PN00341,P200,11.27,57,50,False,USD
SRC001069,S0016,PN00341,P400,11.35,50,10,True,USD
SRC001070,S0031,PN00341,P400,11.44,54,50,False,USD
SRC001071,S0044,PN00342,P600,35.86,70,50,True,USD
SRC001072,S0044,PN00342,P400,32.67,71,10,True,USD
SRC001073,S0060,PN00343,P500,48.76,64,10,True,USD
SRC001074,S0060,PN00343,P600,47.72,67,100,True,USD
SRC001075,S0021,PN00344,P100,78.66,20,1,True,USD
SRC001076,S0021,PN00344,P200,84.81,60,10,True,USD
SRC001077,S0021,PN00344,P300,94.35,33,50,True,USD
SRC001078,S0040,PN00345,P400,17.57,65,100,True,USD
SRC001079,S0040,PN00345,P200,15.65,20,10,True,USD
SRC001080,S0021,PN00346,P600,95.13,54,1,True,USD
SRC001081,S0025,PN00347,P600,16.27,16,1,True,USD
SRC001082,S0014,PN00347,P600,17.56,68,10,False,USD
SRC001083,S0024,PN00348,P100,38.93,7,500,True,USD
SRC001084,S0044,PN00349,P400,123.92,63,50,True,USD
SRC001085,S0023,PN00349,P400,117.58,51,100,False,USD
SRC001086,S0034,PN00350,P200,158.37,71,1,True,USD
SRC001087,S0049,PN00350,P200,176.86,41,500,False,USD
SRC001088,S0051,PN00351,P600,21.74,46,500,True,USD
SRC001089,S0051,PN00351,P400,21.52,75,10,True,USD
SRC001090,S0023,PN00352,P100,12.0,38,10,True,USD
SRC001091,S0023,PN00352,P500,12.05,33,10,True,USD
SRC001092,S0057,PN00353,P100,21.25,71,100,True,USD
SRC001093,S0057,PN00353,P400,23.48,9,1,True,USD
SRC001094,S0057,PN00353,P500,23.37,71,100,True,USD
SRC001095,S0022,PN00354,P100,12.07,51,1,True,USD
SRC001096,S0011,PN00355,P100,40.1,49,10,True,USD
SRC001097,S0011,PN00355,P600,39.75,17,1,True,USD
SRC001098,S0011,PN00355,P200,37.35,35,500,True,USD
SRC001099,S0031,PN00356,P100,17.75,11,1,True,USD
SRC001100,S0029,PN00356,P100,20.16,48,100,False,USD
SRC001101,S0014,PN00357,P600,23.35,74,1,True,USD
SRC001102,S0014,PN00357,P300,20.66,62,1,True,USD
SRC001103,S0039,PN00358,P100,40.58,54,100,True,USD
SRC001104,S0013,PN00359,P200,70.76,35,1,True,USD
SRC001105,S0036,PN00359,P200,74.39,44,10,False,USD
SRC001106,S0021,PN00360,P500,15.7,38,50,True,USD
SRC001107,S0045,PN00360,P500,15.21,69,100,False,USD
SRC001108,S0021,PN00360,P600,14.43,75,100,True,USD
SRC001109,S0045,PN00360,P600,15.05,69,500,False,USD
SRC001110,S0021,PN00360,P300,14.54,39,500,True,USD
SRC001111,S0045,PN00360,P300,16.26,61,1,False,USD
SRC001112,S0016,PN00361,P100,41.14,40,50,True,USD
SRC001113,S0029,PN00361,P100,38.75,47,500,False,USD
SRC001114,S0016,PN00361,P400,40.39,35,1,True,USD
SRC001115,S0029,PN00361,P400,38.89,59,50,False,USD
SRC001116,S0016,PN00361,P600,45.46,46,100,True,USD
SRC001117,S0029,PN00361,P600,42.73,38,1,False,USD
SRC001118,S0047,PN00362,P400,17.05,73,10,True,USD
SRC001119,S0007,PN00362,P400,15.75,62,500,False,USD
SRC001120,S0011,PN00362,P400,17.34,12,1,False,USD
SRC001121,S0047,PN00362,P600,16.5,62,100,True,USD
SRC001122,S0007,PN00362,P600,15.19,73,1,False,USD
SRC001123,S0011,PN00362,P600,16.31,17,1,False,USD
SRC001124,S0030,PN00363,P100,36.52,40,500,True,USD
SRC001125,S0003,PN00363,P100,37.33,34,10,False,USD
SRC001126,S0018,PN00364,P100,15.93,15,100,True,USD
SRC001127,S0018,PN00364,P300,14.8,41,1,True,USD
SRC001128,S0018,PN00364,P400,17.34,55,100,True,USD
SRC001129,S0026,PN00365,P300,26.25,68,100,True,USD
SRC001130,S0053,PN00366,P300,14.63,64,10,True,USD
SRC001131,S0016,PN00367,P100,17.72,53,100,True,USD
SRC001132,S0031,PN00367,P100,21.2,10,1,False,USD
SRC001133,S0029,PN00367,P100,18.28,31,100,False,USD
SRC001134,S0016,PN00367,P500,18.51,17,10,True,USD
SRC001135,S0031,PN00367,P500,17.8,34,50,False,USD
SRC001136,S0029,PN00367,P500,19.02,49,100,False,USD
SRC001137,S0016,PN00367,P400,20.79,63,10,True,USD
SRC001138,S0031,PN00367,P400,20.02,46,10,False,USD
SRC001139,S0029,PN00367,P400,20.64,35,100,False,USD
SRC001140,S0055,PN00368,P200,12.1,56,100,True,USD
SRC001141,S0031,PN00369,P600,33.79,74,500,True,USD
SRC001142,S0007,PN00370,P500,28.5,67,500,True,USD
SRC001143,S0007,PN00370,P200,25.4,72,50,True,USD
SRC001144,S0007,PN00370,P100,24.7,21,100,True,USD
SRC001145,S0043,PN00371,P400,37.09,38,100,True,USD
SRC001146,S0026,PN00371,P400,34.78,67,1,False,USD
SRC001147,S0009,PN00371,P400,30.78,18,10,False,USD
SRC001148,S0043,PN00371,P300,33.32,64,10,True,USD
SRC001149,S0026,PN00371,P300,34.52,43,50,False,USD
SRC001150,S0009,PN00371,P300,31.93,10,500,False,USD
SRC001151,S0043,PN00371,P100,36.87,53,50,True,USD
SRC001152,S0026,PN00371,P100,30.64,49,500,False,USD
SRC001153,S0009,PN00371,P100,35.97,37,100,False,USD
SRC001154,S0056,PN00372,P300,132.08,57,500,True,USD
SRC001155,S0041,PN00372,P300,135.63,51,1,False,USD
SRC001156,S0056,PN00372,P600,134.47,59,100,True,USD
SRC001157,S0041,PN00372,P600,121.01,65,500,False,USD
SRC001158,S0033,PN00373,P300,75.89,74,500,True,USD
SRC001159,S0033,PN00373,P400,80.3,36,1,True,USD
SRC001160,S0034,PN00374,P100,93.12,69,500,True,USD
SRC001161,S0049,PN00374,P100,93.04,14,500,False,USD
SRC001162,S0034,PN00374,P500,102.58,7,50,True,USD
SRC001163,S0049,PN00374,P500,107.93,43,10,False,USD
SRC001164,S0034,PN00374,P400,106.45,65,100,True,USD
SRC001165,S0049,PN00374,P400,93.34,60,1,False,USD
SRC001166,S0029,PN00375,P600,6.77,53,10,True,USD
SRC001167,S0029,PN00375,P400,7.51,47,50,True,USD
SRC001168,S0025,PN00376,P200,32.12,31,10,True,USD
SRC001169,S0025,PN00376,P100,37.38,63,500,True,USD
SRC001170,S0025,PN00376,P400,34.1,9,500,True,USD
SRC001171,S0021,PN00377,P600,115.28,66,100,True,USD
SRC001172,S0043,PN00377,P600,100.92,70,100,False,USD
SRC001173,S0009,PN00377,P600,119.03,9,100,False,USD
SRC001174,S0021,PN00377,P400,117.47,63,10,True,USD
SRC001175,S0043,PN00377,P400,107.51,36,10,False,USD
SRC001176,S0009,PN00377,P400,108.94,17,500,False,USD
SRC001177,S0021,PN00377,P100,114.91,20,50,True,USD
SRC001178,S0043,PN00377,P100,116.04,40,50,False,USD
SRC001179,S0009,PN00377,P100,102.52,35,1,False,USD
SRC001180,S0041,PN00378,P500,53.65,35,500,True,USD
SRC001181,S0034,PN00379,P600,49.3,71,10,True,USD
SRC001182,S0034,PN00379,P300,50.44,64,10,True,USD
SRC001183,S0033,PN00380,P100,46.19,70,1,True,USD
SRC001184,S0024,PN00380,P100,43.72,16,1,False,USD
SRC001185,S0033,PN00380,P300,39.32,68,1,True,USD
SRC001186,S0024,PN00380,P300,39.29,48,50,False,USD
SRC001187,S0033,PN00380,P600,45.86,35,1,True,USD
SRC001188,S0024,PN00380,P600,42.52,53,10,False,USD
SRC001189,S0053,PN00381,P400,45.74,70,1,True,USD
SRC001190,S0043,PN00382,P300,76.57,41,50,True,USD
SRC001191,S0043,PN00382,P400,65.27,41,500,True,USD
SRC001192,S0028,PN00383,P300,37.89,16,500,True,USD
SRC001193,S0059,PN00383,P300,31.19,15,50,False,USD
SRC001194,S0028,PN00383,P400,37.43,10,500,True,USD
SRC001195,S0059,PN00383,P400,31.35,7,500,False,USD
SRC001196,S0023,PN00384,P300,31.64,43,1,True,USD
SRC001197,S0030,PN00385,P600,139.73,38,50,True,USD
SRC001198,S0030,PN00386,P300,60.07,71,50,True,USD
SRC001199,S0053,PN00387,P500,9.84,46,10,True,USD
SRC001200,S0053,PN00387,P400,8.55,75,50,True,USD
SRC001201,S0001,PN00388,P600,27.78,21,100,True,USD
SRC001202,S0014,PN00388,P600,27.43,47,50,False,USD
SRC001203,S0057,PN00388,P600,28.52,16,100,False,USD
SRC001204,S0031,PN00389,P300,80.87,32,500,True,USD
SRC001205,S0031,PN00389,P100,77.73,13,50,True,USD
SRC001206,S0058,PN00390,P100,42.13,12,100,True,USD
SRC001207,S0046,PN00390,P100,47.52,52,10,False,USD
SRC001208,S0058,PN00390,P600,41.18,72,50,True,USD
SRC001209,S0046,PN00390,P600,43.82,19,50,False,USD
SRC001210,S0024,PN00391,P100,20.34,19,50,True,USD
SRC001211,S0024,PN00391,P300,22.08,65,1,True,USD
SRC001212,S0024,PN00391,P200,20.02,68,10,True,USD
SRC001213,S0028,PN00392,P300,14.67,17,100,True,USD
SRC001214,S0028,PN00392,P500,14.98,57,50,True,USD
SRC001215,S0028,PN00392,P100,15.35,42,10,True,USD
SRC001216,S0047,PN00393,P100,61.83,37,100,True,USD
SRC001217,S0047,PN00393,P300,58.75,50,500,True,USD
SRC001218,S0045,PN00394,P300,111.54,66,1,True,USD
SRC001219,S0046,PN00395,P500,125.38,32,50,True,USD
SRC001220,S0019,PN00395,P500,119.17,8,100,False,USD
SRC001221,S0053,PN00395,P500,106.68,56,50,False,USD
SRC001222,S0049,PN00396,P100,37.0,14,500,True,USD
SRC001223,S0049,PN00396,P500,31.99,49,100,True,USD
SRC001224,S0010,PN00397,P500,11.52,33,1,True,USD
SRC001225,S0010,PN00397,P100,11.79,50,100,True,USD
SRC001226,S0016,PN00398,P600,49.72,53,500,True,USD
SRC001227,S0006,PN00399,P100,43.72,8,50,True,USD
SRC001228,S0046,PN00399,P100,38.85,69,100,False,USD
SRC001229,S0058,PN00399,P100,38.38,9,10,False,USD
SRC001230,S0001,PN00400,P200,55.33,56,100,True,USD
SRC001231,S0002,PN00400,P200,53.11,63,500,False,USD
SRC001232,S0001,PN00400,P500,48.8,60,100,True,USD
SRC001233,S0002,PN00400,P500,56.22,50,100,False,USD
